loan_id,fico_score,income,loan_amount,vehicle_value,ltv_ratio,loan_term,interest_rate,monthly_payment,dti_ratio,employment_length,employment_type,credit_history_length,num_open_accounts,num_delinquencies_past,vehicle_age,vehicle_type,state,is_delinquent
AL00001,719,57234,31476,27636,1.14,84,13.59,582.75,0.12,0,Full-time,15,1,1,3,SUV,FL,0
AL00002,741,50610,30425,27106,1.12,84,5.21,433.03,0.1,2,Full-time,3,10,0,0,Sedan,NY,0
AL00003,542,48754,14871,14069,1.06,72,8.76,266.29,0.07,1,Full-time,15,9,0,10,Van,PA,1
AL00004,661,61350,10752,11786,0.91,72,7.99,188.46,0.04,0,Self-employed,5,13,2,12,SUV,PA,1
AL00005,631,54166,18982,16343,1.16,36,14.91,657.18,0.15,2,Part-time,12,13,0,1,Coupe,TX,0
AL00006,582,64177,5403,5799,0.93,48,8.37,132.84,0.02,10,Self-employed,12,13,0,7,Van,TX,0
AL00007,670,53977,10214,12403,0.82,60,4.62,190.98,0.04,1,Full-time,9,9,0,10,Van,IL,0
AL00008,538,66481,21149,17707,1.19,84,9.83,349.24,0.06,5,Full-time,12,1,1,12,Truck,TX,0
AL00009,612,53815,28312,27333,1.04,24,11.4,1324.83,0.3,0,Contract,2,5,0,5,SUV,IL,0
AL00010,584,76250,38562,47955,0.8,84,3.35,515.64,0.08,4,Self-employed,7,12,3,10,Sedan,MI,0
AL00011,708,90760,24641,26153,0.94,72,13.76,504.58,0.07,2,Part-time,8,3,0,4,Van,NY,0
AL00012,656,61835,5124,6424,0.8,24,5.36,225.62,0.04,5,Part-time,0,14,0,5,Coupe,OH,1
AL00013,615,49964,34154,41047,0.83,72,8.82,612.6,0.15,0,Self-employed,8,4,1,6,Coupe,FL,1
AL00014,757,45958,21723,19854,1.09,36,12.59,727.65,0.19,7,Self-employed,6,12,0,9,Coupe,IL,0
AL00015,680,55308,10846,9326,1.16,36,5.82,329.07,0.07,1,Contract,7,2,1,1,SUV,FL,0
AL00016,712,97723,26745,26258,1.02,60,7.43,535.03,0.07,1,Full-time,0,7,0,7,Van,OH,0
AL00017,684,109264,23076,20132,1.15,24,8.71,1051.15,0.12,2,Full-time,13,11,2,12,Truck,IL,1
AL00018,740,75820,15906,15649,1.02,60,13.12,362.89,0.06,3,Part-time,14,8,0,11,Truck,NC,0
AL00019,600,48674,25996,29603,0.88,72,5.49,424.6,0.1,0,Full-time,0,14,1,10,Van,MI,1
AL00020,685,38753,29735,34060,0.87,48,9.98,753.87,0.23,0,Part-time,7,9,3,8,Sedan,MI,1
AL00021,617,53558,33135,40047,0.83,24,2.58,1418.03,0.32,3,Full-time,0,15,0,12,Truck,NY,1
AL00022,694,65197,32818,31817,1.03,72,12.7,653.61,0.12,9,Full-time,3,2,1,1,Van,FL,1
AL00023,700,66928,18199,16029,1.14,60,8.43,372.77,0.07,9,Part-time,9,5,0,9,Coupe,NY,0
AL00024,622,97315,29738,33484,0.89,84,10.44,500.47,0.06,1,Part-time,3,12,0,10,Truck,GA,0
AL00025,772,43586,34633,39093,0.89,60,9.15,721.45,0.2,3,Full-time,6,4,0,5,Sedan,MI,0
AL00026,619,42209,16841,21666,0.78,72,11.01,320.64,0.09,3,Part-time,6,1,0,10,Sedan,NY,1
AL00027,681,89070,22353,20064,1.11,24,18.38,1120.06,0.15,5,Self-employed,2,2,0,4,Coupe,NY,0
AL00028,718,55530,32140,25960,1.24,84,7.0,485.08,0.1,13,Contract,11,4,1,12,Coupe,NY,1
AL00029,612,29703,20534,18167,1.13,84,10.93,350.84,0.14,3,Contract,8,6,0,7,Sedan,TX,1
AL00030,710,42322,26537,29389,0.9,84,11.73,464.63,0.13,5,Self-employed,8,13,2,3,SUV,NY,0
AL00031,766,81076,11223,13520,0.83,36,3.75,330.1,0.05,6,Contract,10,3,0,3,Sedan,GA,0
AL00032,850,71417,36355,41844,0.87,72,8.43,645.08,0.11,1,Full-time,8,1,1,8,Sedan,TX,0
AL00033,618,55263,20146,20806,0.97,36,7.83,629.72,0.14,3,Part-time,11,7,0,3,Coupe,CA,1
AL00034,550,50561,35889,30991,1.16,24,13.74,1718.73,0.41,0,Contract,8,5,3,12,Coupe,OH,1
AL00035,621,64329,25455,27244,0.93,84,4.89,358.46,0.07,4,Contract,0,3,0,3,Sedan,MI,0
AL00036,694,46764,33524,34177,0.98,24,4.41,1461.9,0.38,0,Self-employed,16,1,0,7,Van,NC,1
AL00037,642,46933,42654,48203,0.88,72,9.12,771.4,0.2,1,Full-time,18,14,0,9,Sedan,NY,0
AL00038,762,29612,20157,19713,1.02,72,6.55,339.32,0.14,0,Part-time,17,10,0,9,Sedan,PA,0
AL00039,420,39512,22474,22457,1.0,72,2.51,336.56,0.1,3,Self-employed,5,15,0,10,Truck,NY,1
AL00040,690,88825,10641,11189,0.95,36,9.12,338.98,0.05,0,Self-employed,12,8,0,12,Sedan,CA,0
AL00041,695,47995,25698,32639,0.79,72,5.96,425.41,0.11,3,Full-time,15,2,0,8,Truck,FL,0
AL00042,580,102660,5479,6962,0.79,24,9.26,250.96,0.03,9,Part-time,7,6,0,7,Van,OH,0
AL00043,702,47546,22918,28015,0.82,84,5.53,329.66,0.08,0,Full-time,5,11,2,4,Sedan,FL,1
AL00044,747,67140,18070,20138,0.9,24,8.95,825.11,0.15,6,Part-time,10,5,0,3,Truck,NY,0
AL00045,613,48796,32472,42059,0.77,48,9.94,822.64,0.2,2,Contract,14,5,3,0,Sedan,PA,0
AL00046,632,70941,22978,28244,0.81,24,13.71,1100.09,0.19,5,Full-time,5,6,1,10,Truck,FL,0
AL00047,784,60420,31819,31647,1.01,72,6.26,531.25,0.11,0,Contract,9,9,0,1,SUV,NC,1
AL00048,669,61939,30951,34538,0.9,48,2.0,671.49,0.13,1,Part-time,5,7,0,4,Truck,CA,0
AL00049,772,75833,31241,26417,1.18,36,10.01,1008.21,0.16,2,Part-time,8,11,0,12,Van,PA,0
AL00050,625,79502,23529,22951,1.03,84,9.96,390.12,0.06,0,Part-time,14,15,3,2,SUV,PA,1
AL00051,699,49861,20289,17091,1.19,84,8.43,320.59,0.08,17,Self-employed,0,13,3,12,SUV,OH,1
AL00052,567,45631,22865,27176,0.84,84,2.0,291.93,0.08,9,Full-time,15,7,2,7,SUV,NY,0
AL00053,678,39949,24814,20549,1.21,60,6.35,483.77,0.15,0,Self-employed,9,5,2,3,SUV,CA,0
AL00054,613,70386,40327,51662,0.78,60,2.0,706.84,0.12,8,Self-employed,3,5,2,12,Truck,IL,0
AL00055,697,60251,25976,33370,0.78,60,4.41,483.21,0.1,2,Self-employed,15,1,0,4,SUV,MI,0
AL00056,756,103063,17326,18922,0.92,48,7.06,415.38,0.05,3,Full-time,12,2,0,5,Truck,PA,0
AL00057,612,48012,5000,5459,0.92,72,5.4,81.46,0.02,0,Full-time,9,7,2,3,Truck,CA,0
AL00058,830,79008,19230,21967,0.88,24,10.47,891.54,0.14,2,Part-time,15,6,0,10,Truck,MI,0
AL00059,774,50616,7868,10110,0.78,24,12.92,373.76,0.09,7,Self-employed,7,9,0,6,Truck,PA,0
AL00060,779,28111,19006,15740,1.21,72,8.54,338.27,0.14,30,Part-time,9,4,0,6,SUV,MI,0
AL00061,680,60939,20499,21017,0.98,60,9.99,435.44,0.09,0,Full-time,8,5,0,6,Van,MI,0
AL00062,721,74232,13753,15252,0.9,60,4.19,254.46,0.04,4,Contract,6,8,1,8,Coupe,FL,0
AL00063,804,62313,36792,39586,0.93,48,7.77,894.23,0.17,3,Self-employed,6,2,2,12,SUV,OH,1
AL00064,757,72907,38686,44567,0.87,36,5.77,1172.88,0.19,0,Part-time,6,1,0,7,Van,TX,0
AL00065,764,24825,13167,16486,0.8,84,2.0,168.11,0.08,1,Part-time,15,12,1,7,Coupe,NY,1
AL00066,685,92572,11198,13786,0.81,84,7.44,171.43,0.02,1,Full-time,11,15,1,12,Sedan,PA,1
AL00067,710,59346,5000,5583,0.9,84,7.14,75.81,0.02,1,Contract,9,1,0,1,Coupe,FL,0
AL00068,604,49722,14407,17985,0.8,84,15.72,283.86,0.07,0,Self-employed,6,13,2,9,Van,PA,0
AL00069,637,44142,23929,21611,1.11,72,3.36,367.44,0.1,1,Contract,17,15,0,7,Coupe,OH,0
AL00070,682,46005,27139,33565,0.81,84,10.91,463.4,0.12,5,Self-employed,4,13,1,7,SUV,OH,0
AL00071,637,48483,22249,24676,0.9,84,2.0,284.06,0.07,1,Self-employed,16,4,0,5,Van,TX,1
AL00072,660,71531,28112,29681,0.95,36,3.61,825.11,0.14,2,Contract,8,12,0,3,Sedan,PA,0
AL00073,551,64069,17436,14123,1.23,72,2.0,257.19,0.05,1,Contract,4,7,0,6,Coupe,MI,0
AL00074,593,93742,33816,40396,0.84,24,4.0,1468.46,0.19,3,Contract,7,8,0,5,Truck,PA,0
AL00075,801,70778,14627,13776,1.06,60,6.74,287.84,0.05,1,Part-time,12,8,0,6,Coupe,CA,0
AL00076,832,32028,30629,26061,1.18,84,5.67,442.62,0.17,0,Contract,4,12,0,7,SUV,MI,0
AL00077,632,42720,25485,25617,0.99,60,4.18,471.42,0.13,16,Full-time,6,2,1,2,Coupe,FL,1
AL00078,607,48464,32553,28823,1.13,60,9.61,685.42,0.17,3,Self-employed,9,4,0,5,Coupe,OH,0
AL00079,546,70867,18373,17671,1.04,60,9.78,388.39,0.07,2,Self-employed,0,14,0,0,Van,CA,0
AL00080,683,65194,15956,15067,1.06,48,2.94,352.75,0.06,2,Part-time,9,11,0,10,Sedan,CA,0
AL00081,627,60947,16395,13635,1.2,36,5.96,498.47,0.1,18,Full-time,13,10,0,2,Coupe,TX,0
AL00082,633,76713,13702,16169,0.85,36,4.61,408.27,0.06,2,Contract,20,12,0,5,SUV,MI,0
AL00083,726,55939,28711,36439,0.79,84,5.08,406.88,0.09,0,Full-time,8,13,2,4,Sedan,MI,1
AL00084,667,83355,27544,23960,1.15,48,5.12,635.82,0.09,0,Contract,10,7,3,3,Sedan,MI,0
AL00085,711,51580,27897,27322,1.02,84,15.8,550.92,0.13,8,Part-time,14,2,1,4,Van,TX,0
AL00086,647,19237,14919,15386,0.97,72,11.71,289.42,0.18,2,Full-time,3,6,0,10,Truck,TX,0
AL00087,706,55617,33294,41725,0.8,48,2.0,722.32,0.16,3,Full-time,0,14,0,7,Sedan,PA,0
AL00088,771,66769,20847,23140,0.9,84,11.36,360.91,0.06,6,Contract,8,12,0,2,Van,OH,0
AL00089,643,43003,33303,27200,1.22,72,4.08,522.25,0.15,3,Contract,10,8,0,11,Van,OH,0
AL00090,706,80750,19899,17019,1.17,36,12.65,667.13,0.1,0,Full-time,5,5,2,3,Coupe,MI,0
AL00091,740,41556,33696,38648,0.87,60,12.92,765.31,0.22,3,Self-employed,4,1,0,5,SUV,GA,0
AL00092,580,24425,39960,41198,0.97,48,8.22,979.67,0.48,3,Self-employed,21,5,2,11,Truck,NC,1
AL00093,688,74515,29810,34389,0.87,36,8.4,939.65,0.15,0,Full-time,17,4,1,7,Van,NY,0
AL00094,787,91863,19887,25200,0.79,84,7.14,301.51,0.04,0,Contract,11,8,1,1,Truck,NY,0
AL00095,684,81883,8075,6681,1.21,36,13.62,274.5,0.04,1,Self-employed,2,11,0,7,Van,NC,0
AL00096,547,76463,25733,25042,1.03,84,12.58,462.28,0.07,2,Self-employed,3,6,1,4,Truck,OH,1
AL00097,659,29937,22542,23650,0.95,84,6.41,333.75,0.13,2,Part-time,6,6,0,8,SUV,NY,1
AL00098,735,96979,36265,29249,1.24,60,3.43,658.59,0.08,12,Self-employed,10,12,0,12,Van,MI,0
AL00099,658,37869,50733,42287,1.2,24,7.74,2288.5,0.73,5,Part-time,8,5,0,2,Truck,CA,0
AL00100,668,48526,19531,15981,1.22,36,17.78,703.94,0.17,0,Self-employed,2,1,4,8,Truck,FL,1
AL00101,659,90079,5000,5001,1.0,60,11.87,110.89,0.01,3,Full-time,6,14,0,4,Coupe,GA,0
AL00102,650,31849,17221,19321,0.89,36,6.05,524.29,0.2,0,Full-time,7,5,3,7,Sedan,TX,1
AL00103,754,85431,32216,26090,1.23,24,2.98,1384.4,0.19,0,Full-time,5,3,0,9,Truck,TX,0
AL00104,719,35557,32129,27300,1.18,24,10.76,1493.89,0.5,7,Contract,3,10,0,9,SUV,NC,0
AL00105,651,83186,14189,13430,1.06,60,9.96,301.2,0.04,9,Self-employed,9,14,0,6,Truck,MI,0
AL00106,579,78480,23150,27981,0.83,72,2.53,346.89,0.05,1,Full-time,3,13,0,3,Truck,TX,1
AL00107,555,72120,12195,13122,0.93,36,14.52,419.88,0.07,2,Full-time,9,3,0,7,Van,GA,1
AL00108,672,49101,28991,35781,0.81,36,11.39,954.49,0.23,6,Self-employed,7,12,0,7,Sedan,NY,0
AL00109,650,58861,28078,31355,0.9,84,2.0,358.48,0.07,1,Part-time,8,7,0,3,SUV,OH,0
AL00110,665,60368,28475,25224,1.13,24,2.0,1211.33,0.24,3,Full-time,10,3,1,9,Van,OH,0
AL00111,762,69451,27560,30323,0.91,60,11.43,605.15,0.1,4,Self-employed,0,12,0,4,Van,NC,0
AL00112,577,47503,25260,22308,1.13,24,6.11,1120.79,0.28,3,Full-time,8,15,0,5,Van,OH,1
AL00113,631,31866,15767,18282,0.86,36,2.09,452.23,0.17,1,Full-time,3,13,1,4,Van,CA,0
AL00114,850,69866,26848,31312,0.86,36,9.93,865.43,0.15,0,Contract,0,9,1,4,SUV,MI,0
AL00115,850,58078,36492,31138,1.17,60,4.69,683.48,0.14,0,Full-time,7,8,0,5,Truck,TX,0
AL00116,821,47460,43124,39812,1.08,48,9.5,1083.41,0.27,4,Contract,10,12,0,10,Coupe,NC,1
AL00117,729,28595,17728,22313,0.79,24,6.51,789.8,0.33,0,Self-employed,7,5,0,12,Coupe,NC,0
AL00118,729,63554,11646,14399,0.81,24,10.77,541.55,0.1,4,Contract,11,7,0,8,Truck,MI,0
AL00119,746,69183,24298,22125,1.1,84,2.0,310.22,0.05,17,Contract,10,13,0,4,Van,FL,0
AL00120,696,65431,12232,15384,0.8,60,9.29,255.64,0.05,14,Contract,6,2,0,10,Van,NY,0
AL00121,676,73630,25283,24260,1.04,48,7.62,612.73,0.1,7,Full-time,8,9,0,3,Sedan,GA,0
AL00122,643,51310,21908,18369,1.19,84,3.33,292.75,0.07,5,Part-time,14,8,3,4,Van,OH,1
AL00123,665,51205,39469,37865,1.04,60,8.29,805.78,0.19,3,Contract,9,4,0,2,Coupe,NY,0
AL00124,751,61645,35654,45263,0.79,72,12.39,704.29,0.14,2,Part-time,4,14,0,12,Coupe,IL,0
AL00125,850,52743,20544,20763,0.99,72,13.31,415.77,0.09,5,Self-employed,5,14,0,11,Truck,MI,0
AL00126,657,33110,15813,14993,1.05,84,2.0,201.89,0.07,4,Contract,1,14,0,8,Coupe,IL,0
AL00127,758,55720,24505,27119,0.9,72,10.2,456.45,0.1,0,Contract,8,8,3,3,SUV,MI,1
AL00128,719,65783,49553,45357,1.09,60,5.43,944.92,0.17,0,Full-time,5,6,1,11,Coupe,PA,0
AL00129,629,83780,39205,45007,0.87,84,5.22,558.18,0.08,0,Part-time,5,8,4,2,Van,MI,1
AL00130,730,64058,9842,10791,0.91,24,4.14,428.0,0.08,8,Contract,8,2,0,7,Sedan,FL,0
AL00131,630,52245,27858,31413,0.89,84,8.84,445.95,0.1,3,Part-time,7,2,0,4,Truck,MI,0
AL00132,616,32413,17690,20550,0.86,84,4.14,242.94,0.09,0,Full-time,7,14,0,10,Van,PA,0
AL00133,638,64475,24835,25835,0.96,84,12.25,441.73,0.08,3,Contract,5,14,0,9,Sedan,NY,0
AL00134,763,73637,43467,40577,1.07,48,8.46,1070.57,0.17,4,Part-time,9,12,0,1,Sedan,GA,0
AL00135,745,70145,35666,39564,0.9,48,12.18,942.38,0.16,5,Full-time,7,1,0,0,Truck,IL,0
AL00136,691,84130,16830,14816,1.14,36,9.17,536.52,0.08,2,Part-time,10,9,0,10,SUV,FL,1
AL00137,695,60928,11401,12734,0.9,72,10.49,214.04,0.04,3,Contract,6,10,1,7,Van,FL,0
AL00138,697,64987,40774,52251,0.78,84,12.34,727.21,0.13,10,Self-employed,0,8,0,0,Coupe,OH,0
AL00139,644,63881,35736,29792,1.2,36,3.39,1045.4,0.2,3,Full-time,13,8,3,9,Truck,PA,0
AL00140,558,48821,28772,33925,0.85,60,6.98,569.45,0.14,5,Self-employed,0,4,4,7,Sedan,NY,1
AL00141,635,97623,10519,9275,1.13,48,2.0,228.21,0.03,6,Self-employed,2,12,0,10,Coupe,OH,1
AL00142,736,64876,19359,21822,0.89,84,6.61,288.5,0.05,11,Full-time,2,15,1,7,Truck,NY,0
AL00143,827,38598,9744,12589,0.77,48,4.73,223.21,0.07,2,Part-time,6,11,0,4,SUV,TX,0
AL00144,708,34969,39437,48593,0.81,84,9.52,644.96,0.22,0,Full-time,7,5,1,0,Van,IL,0
AL00145,707,69135,30697,36238,0.85,24,9.29,1406.47,0.24,3,Self-employed,8,6,1,2,SUV,FL,0
AL00146,736,58205,39401,33831,1.16,48,9.0,980.5,0.2,2,Self-employed,4,14,0,7,Truck,IL,0
AL00147,676,31384,26281,24559,1.07,60,4.78,493.31,0.19,6,Full-time,5,3,1,3,Coupe,NC,0
AL00148,528,50953,5000,5500,0.91,60,11.59,110.19,0.03,7,Full-time,2,5,0,7,Truck,OH,0
AL00149,602,59045,24963,27685,0.9,84,2.87,328.38,0.07,4,Self-employed,6,2,1,7,Sedan,MI,0
AL00150,682,64167,5000,4219,1.19,72,6.42,83.86,0.02,0,Self-employed,7,15,1,10,Sedan,GA,0
AL00151,599,54377,42976,51583,0.83,48,10.06,1091.22,0.24,0,Contract,14,2,0,0,Truck,GA,1
AL00152,753,61192,18530,21393,0.87,36,9.07,589.85,0.12,6,Part-time,11,7,0,10,Van,PA,0
AL00153,763,49295,38173,39171,0.97,84,8.29,600.5,0.15,4,Part-time,16,15,0,1,Coupe,MI,0
AL00154,695,46971,20161,24916,0.81,48,3.37,449.55,0.11,6,Full-time,5,12,0,7,Coupe,NY,0
AL00155,678,102845,42275,38648,1.09,24,9.25,1936.18,0.23,22,Self-employed,8,9,3,10,Truck,CA,0
AL00156,689,72270,14772,12350,1.2,36,11.86,489.65,0.08,5,Full-time,7,14,2,1,SUV,MI,0
AL00157,641,91479,12742,16485,0.77,24,2.0,542.05,0.07,0,Self-employed,9,4,4,12,Van,NY,1
AL00158,763,93678,20411,21295,0.96,72,2.0,301.07,0.04,3,Part-time,5,10,0,3,Truck,FL,0
AL00159,798,87601,18744,21703,0.86,72,9.08,338.62,0.05,9,Full-time,5,5,2,2,SUV,NC,1
AL00160,626,59488,36727,33921,1.08,36,6.87,1131.84,0.23,2,Full-time,13,11,2,2,Sedan,IL,0
AL00161,771,25205,21375,27460,0.78,36,3.02,621.8,0.3,1,Self-employed,1,1,0,0,SUV,PA,0
AL00162,772,50645,28465,36574,0.78,84,2.0,363.43,0.09,0,Full-time,6,8,0,5,Van,MI,1
AL00163,686,34340,34962,35501,0.98,72,5.52,571.53,0.2,1,Part-time,15,10,0,12,Van,OH,0
AL00164,748,53026,21507,17599,1.22,24,10.89,1001.3,0.23,2,Full-time,14,8,2,6,Sedan,GA,0
AL00165,710,68600,35302,31874,1.11,60,8.46,723.59,0.13,0,Full-time,7,15,0,9,SUV,TX,1
AL00166,677,74552,25519,20917,1.22,72,6.98,434.83,0.07,10,Self-employed,2,7,4,8,Truck,GA,1
AL00167,686,20035,34163,35098,0.97,60,8.89,707.35,0.42,2,Full-time,18,13,1,10,Van,NY,0
AL00168,668,82163,14600,13153,1.11,36,8.61,461.63,0.07,2,Contract,4,6,2,6,Coupe,TX,1
AL00169,664,64348,33700,42876,0.79,48,9.48,846.33,0.16,4,Self-employed,20,6,3,10,Coupe,TX,1
AL00170,675,64021,35506,28944,1.23,24,8.29,1610.54,0.3,4,Full-time,10,7,0,11,Truck,FL,0
AL00171,731,37139,41334,35270,1.17,72,2.91,626.35,0.2,4,Self-employed,7,11,0,5,Coupe,CA,0
AL00172,706,66427,29219,31659,0.92,72,9.76,537.78,0.1,2,Self-employed,9,6,0,8,SUV,FL,0
AL00173,775,35447,30974,37134,0.83,36,10.3,1003.81,0.34,2,Full-time,7,6,2,5,Sedan,OH,0
AL00174,690,56538,25155,24206,1.04,60,2.39,445.22,0.09,4,Full-time,0,10,3,11,Truck,CA,1
AL00175,600,18000,18610,17002,1.09,84,2.21,239.33,0.16,0,Self-employed,16,15,0,0,SUV,FL,0
AL00176,760,46236,47524,47043,1.01,60,7.74,957.71,0.25,2,Full-time,13,3,1,0,Sedan,NC,0
AL00177,568,27092,35225,38886,0.91,60,17.26,880.36,0.39,5,Contract,10,6,0,4,Truck,MI,0
AL00178,748,75178,27811,25634,1.08,24,6.74,1241.89,0.2,0,Part-time,10,3,1,0,Sedan,OH,0
AL00179,544,58033,15114,18159,0.83,60,3.09,272.18,0.06,3,Contract,12,10,0,4,SUV,NC,1
AL00180,554,40207,34407,34640,0.99,60,6.96,680.65,0.2,4,Full-time,7,5,1,9,Coupe,NC,0
AL00181,688,33319,18986,20574,0.92,24,8.78,865.46,0.31,1,Part-time,7,7,4,0,Sedan,NY,1
AL00182,724,64478,38641,31751,1.22,36,9.39,1235.8,0.23,3,Part-time,8,13,0,5,Sedan,CA,0
AL00183,683,60811,17980,19876,0.9,60,4.85,338.07,0.07,2,Part-time,1,3,0,11,SUV,NC,0
AL00184,624,45631,33949,41122,0.83,84,14.78,650.92,0.17,0,Self-employed,3,2,0,11,Sedan,PA,1
AL00185,613,102902,13124,15334,0.86,24,8.74,598.0,0.07,7,Self-employed,7,10,0,6,Coupe,OH,1
AL00186,669,60876,23529,25965,0.91,24,2.0,1000.93,0.2,1,Self-employed,9,3,2,9,Coupe,IL,1
AL00187,672,111594,16963,17202,0.99,24,14.06,814.92,0.09,5,Part-time,10,7,0,8,Sedan,PA,0
AL00188,810,52417,22964,19354,1.19,84,3.1,304.47,0.07,1,Self-employed,4,4,0,2,Sedan,NC,0
AL00189,682,44600,27337,33898,0.81,72,2.0,403.23,0.11,4,Part-time,0,15,1,5,SUV,NY,1
AL00190,709,84553,12903,16736,0.77,48,10.28,328.99,0.05,5,Part-time,17,3,1,12,Sedan,FL,0
AL00191,623,58884,30583,27147,1.13,84,7.8,473.63,0.1,4,Contract,8,8,1,12,Van,GA,0
AL00192,566,57775,15960,18802,0.85,72,12.76,318.36,0.07,6,Self-employed,1,14,4,5,SUV,GA,1
AL00193,592,53671,37130,39375,0.94,60,8.07,754.11,0.17,3,Self-employed,8,13,0,0,Truck,NC,1
AL00194,655,62670,23475,27959,0.84,60,3.22,424.11,0.08,1,Contract,3,1,0,4,Sedan,TX,0
AL00195,533,70159,13966,15366,0.91,72,2.0,206.0,0.04,2,Contract,7,8,0,12,Sedan,GA,0
AL00196,747,61636,24011,23778,1.01,72,9.77,442.04,0.09,1,Part-time,10,6,1,8,SUV,CA,0
AL00197,666,44885,30365,29546,1.03,48,3.91,684.39,0.18,14,Full-time,13,9,1,0,SUV,GA,0
AL00198,717,59499,33177,36598,0.91,72,4.9,532.78,0.11,2,Part-time,10,6,0,4,Coupe,PA,0
AL00199,594,53895,18904,15367,1.23,84,6.75,283.01,0.06,0,Full-time,8,13,1,5,Sedan,IL,1
AL00200,722,58590,29865,28548,1.05,84,2.0,381.3,0.08,0,Contract,9,5,0,10,Van,FL,0
AL00201,583,71998,40307,35309,1.14,72,12.38,796.0,0.13,0,Part-time,6,15,0,10,Coupe,FL,0
AL00202,799,62973,21629,27941,0.77,24,5.25,951.32,0.18,0,Self-employed,5,9,0,12,Truck,FL,0
AL00203,630,53950,21118,22273,0.95,84,8.18,331.05,0.07,22,Full-time,10,11,1,8,Truck,CA,0
AL00204,775,78991,10151,10795,0.94,36,3.32,296.64,0.05,8,Part-time,6,6,3,7,SUV,NY,0
AL00205,570,55504,13298,16140,0.82,36,2.0,380.89,0.08,5,Full-time,5,5,2,1,Van,NC,0
AL00206,472,49075,28918,30874,0.94,72,3.52,446.13,0.11,3,Full-time,7,11,0,12,Van,FL,0
AL00207,775,56829,24726,21635,1.14,36,3.77,727.48,0.15,1,Part-time,7,3,2,12,Van,FL,0
AL00208,816,32561,8864,9127,0.97,24,8.64,403.49,0.15,12,Contract,9,6,1,3,Coupe,MI,0
AL00209,626,80798,18943,17566,1.08,84,14.8,363.42,0.05,7,Contract,18,4,0,4,Coupe,NY,0
AL00210,631,74841,27992,31304,0.89,72,4.94,450.03,0.07,2,Contract,8,8,1,12,Coupe,NC,0
AL00211,716,46445,45133,37046,1.22,36,8.05,1415.35,0.37,0,Part-time,6,13,1,4,Sedan,GA,0
AL00212,694,33057,15283,14898,1.03,72,10.22,284.83,0.1,0,Full-time,13,12,2,1,Truck,TX,0
AL00213,774,74379,34960,38887,0.9,48,4.47,796.74,0.13,1,Contract,6,15,0,6,Sedan,NY,0
AL00214,659,86563,30562,34289,0.89,48,5.17,706.18,0.1,13,Full-time,8,7,0,8,Truck,NY,0
AL00215,628,78556,25570,27902,0.92,24,8.57,1163.12,0.18,5,Self-employed,10,4,0,1,Truck,FL,1
AL00216,765,52700,16607,20991,0.79,48,5.12,383.35,0.09,2,Contract,1,12,2,12,Coupe,GA,0
AL00217,844,37935,22787,28334,0.8,24,6.39,1013.94,0.32,4,Full-time,12,5,0,2,Van,MI,0
AL00218,633,56657,27825,32764,0.85,24,12.35,1314.37,0.28,5,Self-employed,7,4,0,0,SUV,PA,0
AL00219,733,83469,26810,34647,0.77,72,2.31,399.12,0.06,11,Contract,9,2,0,7,Van,NC,1
AL00220,627,49427,30863,32496,0.95,72,9.48,563.7,0.14,3,Part-time,11,12,0,6,Sedan,MI,0
AL00221,699,112033,30655,35082,0.87,72,2.0,452.17,0.05,8,Contract,14,3,1,1,Van,IL,1
AL00222,733,57230,12757,10265,1.24,72,10.81,241.58,0.05,19,Full-time,3,7,2,0,Coupe,IL,1
AL00223,663,42989,19194,20682,0.93,24,9.85,884.38,0.25,5,Self-employed,2,13,0,3,Sedan,MI,0
AL00224,715,83932,18902,20359,0.93,48,2.0,410.08,0.06,0,Part-time,2,1,0,5,SUV,GA,0
AL00225,737,52543,42269,52544,0.8,60,5.9,815.21,0.19,3,Part-time,0,13,0,11,Coupe,CA,0
AL00226,539,29486,37625,45040,0.84,24,8.22,1705.45,0.69,2,Part-time,3,15,0,4,Van,PA,0
AL00227,634,63691,40421,43668,0.93,72,15.52,866.16,0.16,3,Contract,13,5,0,10,SUV,OH,0
AL00228,727,75567,19488,20445,0.95,24,11.96,917.0,0.15,4,Self-employed,4,5,0,5,Coupe,PA,0
AL00229,687,89550,13583,13095,1.04,60,6.73,267.23,0.04,2,Self-employed,7,3,0,7,Truck,NC,0
AL00230,670,90268,31308,40674,0.77,24,8.26,1419.69,0.19,2,Contract,10,2,0,2,Van,OH,0
AL00231,777,71641,22735,27734,0.82,24,3.66,983.83,0.16,1,Self-employed,17,11,0,7,Van,PA,0
AL00232,803,50223,13803,13351,1.03,60,5.39,262.95,0.06,2,Self-employed,11,8,0,5,Van,PA,0
AL00233,705,57047,20339,25146,0.81,24,2.0,865.23,0.18,7,Full-time,10,11,1,5,Van,FL,0
AL00234,637,36601,5000,4333,1.15,36,8.32,157.42,0.05,2,Contract,6,1,0,3,Truck,IL,0
AL00235,812,50858,18977,20971,0.9,72,9.38,345.66,0.08,0,Full-time,11,10,0,7,Truck,IL,0
AL00236,778,57996,22963,21375,1.07,24,8.92,1048.22,0.22,1,Part-time,6,9,0,5,Truck,NY,0
AL00237,753,43936,39926,33245,1.2,24,6.42,1777.11,0.49,2,Part-time,0,8,0,8,Sedan,OH,0
AL00238,750,74736,22186,17990,1.23,84,8.49,351.24,0.06,3,Contract,8,4,4,4,Coupe,NY,1
AL00239,554,49418,32942,29616,1.11,24,2.48,1408.32,0.34,3,Contract,10,3,2,7,Sedan,IL,1
AL00240,677,27697,36647,31408,1.17,84,5.79,531.68,0.23,1,Full-time,5,9,0,4,SUV,FL,0
AL00241,696,82972,14841,18255,0.81,72,7.75,258.4,0.04,5,Part-time,8,2,4,12,SUV,NY,0
AL00242,650,43448,25861,26614,0.97,24,2.43,1105.03,0.31,11,Self-employed,7,9,0,7,Van,FL,0
AL00243,714,78078,5000,5627,0.89,24,3.46,215.92,0.03,3,Full-time,8,5,0,11,Coupe,NC,0
AL00244,621,56342,38748,32005,1.21,60,4.99,731.05,0.16,1,Full-time,11,3,4,10,Sedan,GA,1
AL00245,641,40933,26226,23667,1.11,72,14.0,540.41,0.16,8,Self-employed,6,3,2,12,Van,MI,1
AL00246,554,77662,24221,25900,0.94,36,3.61,710.91,0.11,4,Contract,7,9,3,0,Sedan,NC,1
AL00247,645,82968,26132,24657,1.06,36,2.0,748.49,0.11,6,Part-time,17,6,3,3,Truck,NC,0
AL00248,766,51053,37810,47547,0.8,24,2.62,1618.77,0.38,4,Self-employed,8,4,1,8,Truck,FL,0
AL00249,628,80599,21652,19316,1.12,72,5.89,357.71,0.05,8,Full-time,3,9,1,9,Van,FL,1
AL00250,713,101250,14324,12056,1.19,72,8.27,253.04,0.03,2,Self-employed,9,14,3,0,Sedan,TX,1
AL00251,673,69047,14376,17840,0.81,84,9.21,232.83,0.04,2,Self-employed,13,11,0,9,Coupe,MI,0
AL00252,850,71592,28257,23727,1.19,60,4.28,523.97,0.09,7,Self-employed,10,11,3,7,SUV,PA,1
AL00253,693,86351,14934,15465,0.97,24,12.06,703.41,0.1,6,Full-time,0,3,0,7,Coupe,NY,0
AL00254,631,85939,24771,23968,1.03,36,9.68,795.57,0.11,6,Self-employed,3,14,1,11,Truck,PA,1
AL00255,660,52663,21082,21612,0.98,48,3.81,474.22,0.11,5,Full-time,14,6,0,1,Truck,GA,0
AL00256,801,79966,20683,21420,0.97,24,7.65,932.14,0.14,0,Full-time,8,5,3,9,Coupe,NY,0
AL00257,585,83753,20353,18062,1.13,36,8.3,640.61,0.09,7,Self-employed,10,15,0,5,SUV,FL,0
AL00258,642,77425,11540,13237,0.87,72,2.0,170.22,0.03,0,Contract,8,8,2,7,Sedan,TX,0
AL00259,721,63591,28506,34042,0.84,72,9.46,520.37,0.1,4,Contract,10,4,0,5,Sedan,CA,0
AL00260,660,73451,43998,37640,1.17,72,2.0,648.99,0.11,7,Contract,0,5,0,1,Coupe,FL,0
AL00261,506,76948,19646,22984,0.85,84,7.14,297.86,0.05,10,Self-employed,11,13,0,0,Coupe,CA,0
AL00262,645,70262,22404,26369,0.85,36,11.05,734.01,0.13,1,Self-employed,5,9,0,6,Van,GA,0
AL00263,709,96763,22765,18353,1.24,48,6.1,535.68,0.07,2,Full-time,11,3,4,6,Truck,IL,0
AL00264,550,38926,14321,16778,0.85,48,9.21,357.81,0.11,3,Part-time,12,4,1,6,Van,CA,1
AL00265,671,56623,25700,21377,1.2,36,12.15,855.45,0.18,7,Self-employed,3,13,0,7,SUV,MI,0
AL00266,699,79503,30010,37197,0.81,36,10.11,969.89,0.15,2,Self-employed,21,15,1,2,Coupe,MI,0
AL00267,627,23387,30112,37527,0.8,48,12.99,807.68,0.41,2,Self-employed,16,9,2,8,Coupe,MI,1
AL00268,785,92799,32421,29785,1.09,24,3.64,1402.69,0.18,1,Self-employed,8,6,1,6,Van,OH,0
AL00269,850,56482,26232,30738,0.85,84,9.71,431.56,0.09,2,Full-time,4,10,0,10,Van,MI,0
AL00270,695,45150,11799,12226,0.97,24,6.62,526.24,0.14,0,Contract,0,3,0,11,Van,PA,1
AL00271,559,75201,25824,20730,1.25,84,2.0,329.71,0.05,0,Part-time,6,1,0,11,Sedan,NY,1
AL00272,619,66383,38404,40567,0.95,48,9.01,955.87,0.17,2,Contract,7,3,0,3,Coupe,NC,0
AL00273,697,44960,21809,22980,0.95,60,4.32,404.8,0.11,8,Full-time,17,12,0,3,Van,IL,0
AL00274,675,45831,9862,9969,0.99,60,10.83,213.59,0.06,5,Contract,7,6,3,7,Van,IL,0
AL00275,553,77900,20169,18733,1.08,84,8.09,315.26,0.05,0,Self-employed,16,10,0,3,Truck,NC,1
AL00276,751,54629,16088,16540,0.97,48,3.95,362.89,0.08,2,Self-employed,6,12,0,11,Coupe,IL,0
AL00277,669,61537,22751,28913,0.79,72,4.9,365.35,0.07,4,Self-employed,2,5,0,10,Van,PA,0
AL00278,792,58028,25188,28161,0.89,60,8.33,514.71,0.11,8,Self-employed,11,13,2,4,Sedan,OH,0
AL00279,631,67230,13562,10928,1.24,24,7.93,612.94,0.11,2,Self-employed,7,15,0,4,Coupe,NY,1
AL00280,529,49025,25928,22337,1.16,72,2.0,382.45,0.09,5,Self-employed,11,15,0,4,SUV,TX,0
AL00281,757,68543,18537,21066,0.88,72,14.6,387.95,0.07,1,Part-time,13,4,0,8,SUV,NY,1
AL00282,626,87849,22499,27251,0.83,60,2.0,394.36,0.05,3,Self-employed,4,12,0,10,SUV,CA,0
AL00283,784,26750,35325,34875,1.01,36,12.01,1173.46,0.53,0,Contract,2,11,3,7,Coupe,NY,0
AL00284,662,53839,32796,28769,1.14,48,7.7,796.04,0.18,4,Self-employed,7,5,1,12,Sedan,MI,1
AL00285,635,55815,8165,9296,0.88,84,4.28,112.66,0.02,3,Full-time,1,15,3,6,SUV,CA,0
AL00286,632,59471,27801,31808,0.87,60,7.32,554.7,0.11,0,Contract,2,3,3,4,Sedan,CA,1
AL00287,723,60128,20636,16828,1.23,72,7.06,352.42,0.07,1,Full-time,6,15,4,4,Coupe,NC,0
AL00288,807,71218,22045,18916,1.17,36,7.13,682.0,0.11,8,Contract,9,5,0,1,Truck,FL,0
AL00289,773,67392,23926,23752,1.01,84,9.29,388.48,0.07,1,Self-employed,2,12,0,11,Truck,OH,0
AL00290,691,94650,47313,55874,0.85,36,6.62,1452.68,0.18,1,Part-time,14,10,2,6,Coupe,NC,0
AL00291,616,47583,23318,21805,1.07,60,5.61,446.59,0.11,13,Full-time,0,3,4,7,Truck,NY,1
AL00292,739,38545,27392,27995,0.98,60,6.68,538.27,0.17,2,Part-time,19,8,1,5,Truck,MI,0
AL00293,768,99166,12704,12673,1.0,24,9.49,583.24,0.07,0,Self-employed,21,11,0,3,Sedan,TX,0
AL00294,559,65074,29676,31655,0.94,36,6.05,903.47,0.17,6,Contract,9,11,0,11,Truck,TX,0
AL00295,729,52607,28771,29970,0.96,48,7.38,694.04,0.16,7,Self-employed,0,10,0,2,Coupe,FL,0
AL00296,780,41885,18462,21801,0.85,72,8.46,327.86,0.09,2,Self-employed,0,7,1,7,Van,NY,0
AL00297,764,64464,24451,29677,0.82,84,8.64,388.94,0.07,5,Full-time,10,9,0,11,Truck,TX,0
AL00298,687,56053,23487,28818,0.82,24,12.16,1107.37,0.24,8,Full-time,6,14,0,8,SUV,MI,0
AL00299,727,18000,31559,25548,1.24,36,8.28,993.03,0.66,2,Self-employed,13,14,0,1,SUV,MI,0
AL00300,755,44542,29070,27607,1.05,72,12.08,569.53,0.15,1,Contract,5,13,0,2,Van,PA,0
AL00301,756,70261,32250,37740,0.85,24,9.56,1481.63,0.25,0,Contract,12,11,2,11,Sedan,PA,1
AL00302,740,83778,32083,39236,0.82,24,4.43,1399.35,0.2,2,Part-time,9,10,0,6,Truck,TX,0
AL00303,666,45101,18248,17781,1.03,24,6.92,816.35,0.22,0,Full-time,0,15,0,4,Coupe,FL,0
AL00304,697,60024,16829,20148,0.84,84,6.78,252.19,0.05,0,Contract,8,6,4,6,Coupe,PA,1
AL00305,551,44745,17308,20799,0.83,84,3.74,234.51,0.06,10,Part-time,12,11,2,1,SUV,NC,1
AL00306,664,54709,5000,4565,1.1,36,7.82,156.27,0.03,3,Part-time,8,14,0,0,Truck,GA,0
AL00307,788,33823,5000,5464,0.92,72,8.24,88.25,0.03,3,Contract,9,9,0,3,SUV,GA,0
AL00308,640,76142,15264,18488,0.83,48,8.45,375.87,0.06,2,Part-time,14,15,2,12,Sedan,CA,0
AL00309,711,49820,24744,23312,1.06,60,2.0,433.71,0.1,0,Full-time,5,4,0,1,Van,CA,0
AL00310,692,43551,36210,28970,1.25,84,5.0,511.79,0.14,1,Full-time,8,4,1,6,Coupe,NY,0
AL00311,653,63103,33250,31857,1.04,24,4.03,1444.32,0.27,0,Part-time,1,9,4,3,Van,IL,1
AL00312,614,50475,33743,40304,0.84,84,6.86,506.97,0.12,9,Self-employed,12,4,0,2,Van,NY,0
AL00313,711,57935,27653,28950,0.96,48,5.17,638.96,0.13,1,Full-time,15,9,3,11,SUV,PA,0
AL00314,754,79307,37361,47935,0.78,24,3.28,1610.45,0.24,0,Self-employed,13,11,1,12,Van,IL,0
AL00315,729,84077,23605,30176,0.78,60,5.7,453.07,0.06,2,Part-time,0,5,0,12,Van,GA,0
AL00316,496,48989,12792,12598,1.02,36,12.44,427.57,0.1,7,Self-employed,6,14,1,12,Coupe,CA,0
AL00317,729,37223,35391,32130,1.1,60,7.2,704.13,0.23,4,Part-time,0,7,0,3,Truck,TX,0
AL00318,745,67528,15979,18684,0.86,48,11.8,419.22,0.07,2,Full-time,1,9,1,3,Sedan,OH,0
AL00319,607,72767,21713,21363,1.02,72,9.91,401.27,0.07,0,Full-time,8,14,0,12,Van,NC,1
AL00320,599,74816,19867,16039,1.24,36,2.0,569.04,0.09,0,Self-employed,2,5,3,0,SUV,NY,0
AL00321,661,40113,5000,5327,0.94,24,6.74,223.27,0.07,3,Contract,7,15,0,9,SUV,PA,0
AL00322,658,60449,30471,34699,0.88,72,11.71,591.13,0.12,5,Self-employed,4,13,0,7,Van,IL,0
AL00323,715,60392,31728,27289,1.16,48,9.87,802.72,0.16,1,Contract,8,8,0,11,Coupe,IL,0
AL00324,803,35217,10324,8266,1.25,48,11.45,269.09,0.09,14,Self-employed,1,7,0,3,SUV,CA,0
AL00325,693,64879,22767,22744,1.0,72,13.46,462.57,0.09,1,Contract,7,5,0,5,SUV,PA,0
AL00326,548,56482,41614,34494,1.21,36,9.65,1335.94,0.28,0,Contract,8,9,1,10,Truck,OH,0
AL00327,579,47672,21248,23610,0.9,60,6.23,413.06,0.1,6,Contract,2,8,0,12,Truck,FL,1
AL00328,699,69964,36401,36185,1.01,72,2.82,550.14,0.09,1,Contract,12,3,3,8,Sedan,NC,1
AL00329,661,69327,34873,40238,0.87,24,7.2,1564.52,0.27,0,Full-time,3,13,0,2,SUV,TX,0
AL00330,847,27846,26847,28197,0.95,24,5.38,1182.39,0.51,1,Part-time,9,9,0,0,Van,MI,0
AL00331,665,87456,5000,4109,1.22,84,13.63,92.68,0.01,0,Contract,0,1,0,8,Coupe,CA,1
AL00332,658,51415,30885,39542,0.78,84,7.69,476.62,0.11,1,Self-employed,9,9,4,0,Van,PA,0
AL00333,841,32736,26897,34712,0.77,36,4.85,804.32,0.29,0,Full-time,10,15,0,2,SUV,NY,0
AL00334,681,47170,29878,31026,0.96,48,3.65,669.95,0.17,4,Self-employed,12,5,1,1,Truck,PA,0
AL00335,603,69448,39841,41811,0.95,36,8.92,1265.45,0.22,0,Part-time,1,5,1,1,Sedan,TX,1
AL00336,728,77646,20479,23846,0.86,60,6.88,404.35,0.06,0,Contract,3,1,1,11,SUV,TX,0
AL00337,847,55059,21416,21392,1.0,60,4.91,403.26,0.09,10,Self-employed,4,10,4,1,Van,CA,1
AL00338,785,88392,18995,23918,0.79,84,7.9,295.11,0.04,1,Contract,10,5,0,1,Truck,NC,0
AL00339,625,75812,5298,5977,0.89,24,11.07,247.1,0.04,1,Part-time,8,15,2,0,SUV,MI,1
AL00340,603,51859,31863,40632,0.78,84,2.0,406.81,0.09,3,Contract,17,15,0,2,Van,NY,0
AL00341,809,62087,16012,19967,0.8,60,2.18,281.92,0.05,11,Self-employed,7,7,1,2,Sedan,NC,0
AL00342,753,57449,40111,42067,0.95,48,9.14,1000.83,0.21,0,Full-time,1,2,0,1,Truck,MI,0
AL00343,750,51584,5000,6027,0.83,72,8.3,88.4,0.02,7,Contract,14,13,0,10,Truck,GA,0
AL00344,594,73604,36925,32338,1.14,48,7.94,900.41,0.15,1,Contract,13,7,0,9,Coupe,TX,0
AL00345,639,58369,28476,22780,1.25,48,5.55,662.9,0.14,2,Part-time,4,12,0,4,SUV,PA,0
AL00346,682,38255,14141,12941,1.09,84,12.37,252.43,0.08,7,Part-time,12,12,0,5,Sedan,TX,1
AL00347,541,46448,36941,44639,0.83,48,3.58,827.17,0.21,0,Contract,11,6,1,1,SUV,TX,1
AL00348,659,48049,39223,42961,0.91,60,5.11,742.16,0.19,3,Contract,9,2,0,5,Van,TX,0
AL00349,613,70450,29183,37240,0.78,48,13.11,784.5,0.13,0,Contract,11,1,0,6,Sedan,NC,0
AL00350,559,81038,15019,17714,0.85,36,7.63,468.08,0.07,2,Part-time,3,11,0,2,Truck,OH,1
AL00351,728,56336,30345,35114,0.86,36,11.05,994.18,0.21,2,Full-time,9,3,0,6,Truck,GA,0
AL00352,719,73318,29215,27375,1.07,48,5.36,677.58,0.11,1,Self-employed,10,4,1,7,Van,MI,0
AL00353,715,75578,29577,37667,0.79,24,14.2,1422.87,0.23,2,Part-time,2,5,0,6,Truck,MI,0
AL00354,649,73910,33491,33229,1.01,48,7.26,806.03,0.13,1,Contract,10,6,0,10,Van,FL,0
AL00355,751,71504,30006,24779,1.21,72,7.7,521.72,0.09,2,Part-time,11,8,0,6,Truck,OH,0
AL00356,713,69840,19739,21246,0.93,84,3.51,265.38,0.05,8,Contract,6,10,1,5,Coupe,OH,0
AL00357,641,42744,31934,36288,0.88,60,5.93,616.33,0.17,6,Self-employed,11,2,3,3,Van,NC,1
AL00358,570,84238,27612,34599,0.8,72,7.78,481.17,0.07,1,Full-time,4,12,0,11,SUV,GA,0
AL00359,597,32946,9776,11402,0.86,84,11.95,172.31,0.06,2,Full-time,5,14,2,12,Coupe,GA,1
AL00360,543,37669,37358,30943,1.21,48,9.66,941.41,0.3,4,Part-time,7,5,1,11,Coupe,PA,1
AL00361,769,88969,21402,25157,0.85,72,2.2,317.57,0.04,0,Contract,3,10,0,8,Coupe,NC,1
AL00362,603,66875,24513,20437,1.2,48,2.19,533.85,0.1,14,Full-time,8,2,1,10,Truck,FL,0
AL00363,661,41515,33901,34286,0.99,24,11.64,1590.14,0.46,1,Contract,0,13,0,12,Coupe,TX,1
AL00364,627,58331,10503,9812,1.07,48,11.29,272.94,0.06,13,Part-time,1,9,1,8,Van,MI,1
AL00365,622,63536,19533,21476,0.91,48,6.41,462.41,0.09,3,Contract,1,8,1,9,Van,FL,0
AL00366,746,76227,13517,15589,0.87,24,2.0,575.02,0.09,1,Contract,12,2,0,1,Sedan,FL,0
AL00367,761,65429,30514,27502,1.11,48,8.86,757.32,0.14,3,Contract,13,13,0,7,Truck,GA,1
AL00368,773,55412,24565,26811,0.92,84,6.19,361.1,0.08,12,Contract,0,6,0,0,Sedan,CA,0
AL00369,769,53318,30646,39487,0.78,84,3.42,410.76,0.09,0,Full-time,7,11,2,11,SUV,NC,1
AL00370,666,64506,21304,26784,0.8,36,2.0,610.2,0.11,2,Self-employed,5,9,0,7,SUV,PA,0
AL00371,819,87629,12077,13973,0.86,36,10.26,391.17,0.05,0,Contract,9,7,0,9,SUV,GA,0
AL00372,661,44324,18094,16925,1.07,60,14.32,424.02,0.11,3,Full-time,6,12,0,4,Sedan,MI,0
AL00373,633,64788,29996,37985,0.79,72,9.39,546.52,0.1,3,Part-time,10,6,0,7,Sedan,OH,0
AL00374,580,77383,33872,35928,0.94,60,6.76,666.88,0.1,10,Self-employed,4,10,0,6,Van,TX,0
AL00375,765,107277,17140,21385,0.8,60,2.0,300.43,0.03,4,Part-time,6,14,1,12,Truck,MI,0
AL00376,796,33227,31929,36805,0.87,84,2.0,407.65,0.15,4,Part-time,0,6,0,4,Sedan,FL,0
AL00377,636,77191,21128,20082,1.05,36,7.32,655.47,0.1,2,Contract,7,7,0,9,Coupe,PA,0
AL00378,624,50137,39436,44467,0.89,84,4.7,551.84,0.13,0,Part-time,5,9,0,4,SUV,FL,1
AL00379,743,66801,30706,26260,1.17,60,11.37,673.3,0.12,1,Full-time,2,14,0,0,Coupe,FL,0
AL00380,613,118981,37446,36638,1.02,60,11.7,827.3,0.08,6,Contract,5,7,1,6,Coupe,GA,1
AL00381,723,54900,23745,23203,1.02,72,8.81,425.78,0.09,2,Full-time,6,13,1,4,Sedan,OH,0
AL00382,611,63504,54852,49198,1.11,48,9.17,1369.43,0.26,7,Part-time,12,13,0,11,Coupe,NC,0
AL00383,713,72137,45565,40105,1.14,72,2.98,691.89,0.12,4,Full-time,10,5,1,5,Van,CA,0
AL00384,606,51652,22049,19461,1.13,60,7.95,446.55,0.1,0,Part-time,16,7,0,10,SUV,OH,0
AL00385,623,34829,22829,24189,0.94,24,6.27,1014.57,0.35,3,Contract,1,5,0,1,Coupe,TX,0
AL00386,634,80427,45884,46245,0.99,36,12.87,1543.14,0.23,4,Part-time,0,13,1,11,Truck,MI,0
AL00387,610,70692,5000,6176,0.81,36,7.51,155.55,0.03,3,Part-time,2,13,0,3,Sedan,MI,0
AL00388,686,41491,27553,26687,1.03,48,9.23,688.67,0.2,0,Part-time,3,6,4,4,Truck,MI,1
AL00389,748,55307,25382,25626,0.99,72,2.0,374.4,0.08,0,Full-time,21,3,4,12,Coupe,CA,0
AL00390,591,89283,34968,32402,1.08,84,12.48,626.29,0.08,6,Part-time,8,12,2,3,SUV,IL,0
AL00391,675,84471,35964,36886,0.98,84,5.0,508.31,0.07,0,Contract,3,8,0,10,Truck,PA,0
AL00392,674,84748,20426,25550,0.8,24,6.4,908.98,0.13,3,Full-time,12,7,0,4,Truck,GA,0
AL00393,631,64225,37000,37619,0.98,48,5.53,861.0,0.16,23,Full-time,0,14,1,11,Sedan,GA,0
AL00394,729,47292,13103,12923,1.01,84,6.75,196.16,0.05,2,Self-employed,4,14,0,8,Coupe,NY,0
AL00395,751,85497,31515,32838,0.96,36,2.95,915.8,0.13,0,Contract,10,5,0,4,Truck,NC,0
AL00396,733,45316,25819,30550,0.85,72,13.09,519.52,0.14,5,Contract,10,13,0,10,Sedan,CA,1
AL00397,686,88209,29097,32304,0.9,60,4.06,536.65,0.07,5,Full-time,5,2,3,2,Coupe,GA,1
AL00398,641,65931,29631,37160,0.8,60,9.67,624.77,0.11,4,Part-time,15,12,3,10,Truck,FL,0
AL00399,695,78826,14674,15216,0.96,48,9.09,365.79,0.06,5,Full-time,3,11,0,1,Truck,FL,1
AL00400,627,38207,17152,15564,1.1,84,10.9,292.78,0.09,2,Self-employed,7,12,1,3,Coupe,TX,0
AL00401,607,90385,30107,36071,0.83,24,11.62,1411.9,0.19,1,Part-time,2,8,0,9,SUV,NC,0
AL00402,751,63436,30532,29379,1.04,24,4.23,1328.98,0.25,4,Full-time,4,12,0,1,Coupe,FL,0
AL00403,717,32657,33481,40427,0.83,36,2.57,967.34,0.36,6,Contract,4,2,1,1,Sedan,IL,0
AL00404,726,65208,19611,19300,1.02,48,5.66,457.51,0.08,1,Part-time,7,7,1,12,SUV,FL,1
AL00405,707,28703,25953,24954,1.04,72,6.45,435.65,0.18,9,Full-time,6,10,1,7,Truck,NY,0
AL00406,738,66701,28161,26034,1.08,36,4.67,839.84,0.15,0,Contract,8,10,1,3,Sedan,TX,1
AL00407,740,72249,14833,12032,1.23,24,6.52,660.89,0.11,1,Contract,9,6,4,5,SUV,NY,1
AL00408,794,81635,11877,10879,1.09,24,12.84,563.76,0.08,0,Part-time,11,9,1,11,Van,OH,0
AL00409,710,81819,45122,55600,0.81,84,11.59,786.67,0.12,3,Full-time,8,14,2,4,SUV,NC,0
AL00410,681,52971,40634,46879,0.87,36,2.08,1165.28,0.26,3,Contract,5,5,1,12,SUV,GA,0
AL00411,709,18000,31255,34273,0.91,36,11.04,1023.84,0.68,0,Contract,17,11,0,8,Sedan,IL,0
AL00412,639,38821,39816,50600,0.79,36,7.51,1238.71,0.38,4,Contract,1,14,2,6,Truck,NC,0
AL00413,760,86829,17575,19648,0.89,60,5.56,336.19,0.05,3,Full-time,10,1,0,0,Truck,NY,1
AL00414,609,99741,19690,23995,0.82,24,9.59,904.87,0.11,4,Contract,14,9,0,11,Van,PA,0
AL00415,713,69265,25435,26560,0.96,60,9.73,537.05,0.09,2,Full-time,9,11,0,9,SUV,OH,0
AL00416,587,67726,22955,25057,0.92,24,2.0,976.51,0.17,0,Part-time,13,13,0,5,Coupe,MI,0
AL00417,674,50966,26950,33431,0.81,84,4.47,374.23,0.09,8,Full-time,2,5,1,11,SUV,CA,0
AL00418,729,72590,16956,15993,1.06,60,8.65,349.11,0.06,2,Full-time,8,8,1,0,Truck,FL,1
AL00419,638,56070,22941,19167,1.2,84,4.51,318.99,0.07,0,Part-time,7,12,0,7,Truck,NC,0
AL00420,556,50176,22151,19575,1.13,84,2.0,282.81,0.07,6,Self-employed,5,3,0,11,Truck,TX,0
AL00421,583,39159,20127,18682,1.08,24,6.09,892.86,0.27,1,Self-employed,5,13,0,8,Sedan,OH,0
AL00422,694,71900,19425,16966,1.14,72,11.02,369.94,0.06,0,Full-time,6,8,0,5,Sedan,GA,0
AL00423,677,43031,30731,36935,0.83,36,2.0,880.22,0.25,0,Self-employed,8,3,0,1,Van,TX,1
AL00424,850,66996,14959,14013,1.07,72,4.11,234.79,0.04,2,Full-time,7,1,2,0,SUV,CA,0
AL00425,753,49009,23832,24528,0.97,60,4.96,449.3,0.11,5,Part-time,17,3,3,0,Van,PA,1
AL00426,745,69641,28687,27451,1.05,36,12.4,958.31,0.17,18,Contract,8,15,1,4,Sedan,MI,0
AL00427,657,76903,24511,28697,0.85,72,2.0,361.55,0.06,2,Full-time,14,3,0,8,Sedan,PA,1
AL00428,675,79028,21334,21406,1.0,60,5.4,406.52,0.06,5,Self-employed,0,13,2,5,Sedan,NC,0
AL00429,660,54003,44041,46014,0.96,48,14.0,1203.49,0.27,4,Part-time,9,5,0,4,Van,NY,0
AL00430,558,89538,13322,11598,1.15,72,2.33,198.44,0.03,1,Contract,9,13,1,11,Van,NY,1
AL00431,631,49217,19517,24660,0.79,60,10.83,422.69,0.1,14,Full-time,2,4,0,10,Sedan,IL,1
AL00432,697,84359,19868,19544,1.02,84,7.96,309.27,0.04,7,Contract,3,14,1,4,Sedan,NY,0
AL00433,637,69677,13977,12706,1.1,36,10.23,452.51,0.08,8,Contract,3,8,4,2,Truck,TX,1
AL00434,609,70696,37289,43819,0.85,36,6.93,1150.18,0.2,1,Contract,2,12,2,7,Sedan,MI,1
AL00435,677,41806,15634,14368,1.09,36,4.83,467.37,0.13,9,Contract,0,2,0,0,Coupe,FL,0
AL00436,510,47862,29576,30866,0.96,48,15.26,827.03,0.21,30,Self-employed,0,15,2,11,Truck,IL,1
AL00437,637,87766,21149,17241,1.23,36,9.03,672.83,0.09,0,Full-time,8,4,0,12,Van,TX,1
AL00438,509,75364,27153,28644,0.95,36,4.9,812.58,0.13,0,Contract,8,8,0,1,Van,IL,0
AL00439,513,94493,22125,17976,1.23,36,8.65,699.97,0.09,2,Contract,5,5,0,1,Sedan,FL,0
AL00440,706,29656,32505,28823,1.13,48,12.38,862.06,0.35,1,Full-time,5,4,2,5,SUV,TX,0
AL00441,637,67169,17690,20143,0.88,48,10.53,453.18,0.08,3,Contract,7,9,0,4,Truck,FL,1
AL00442,733,61961,37958,45079,0.84,60,4.69,710.94,0.14,0,Contract,1,9,1,3,Sedan,GA,1
AL00443,687,65044,23837,26357,0.9,36,8.36,750.93,0.14,4,Full-time,12,1,0,12,SUV,FL,0
AL00444,643,42215,34553,32507,1.06,60,11.47,759.39,0.22,3,Self-employed,13,11,1,10,Sedan,MI,0
AL00445,631,55409,8605,8361,1.03,24,5.93,381.11,0.08,7,Full-time,11,2,0,10,Coupe,FL,1
AL00446,664,66481,13523,11835,1.14,48,7.28,325.58,0.06,2,Full-time,10,1,3,0,SUV,MI,1
AL00447,665,27390,37059,43615,0.85,84,10.61,626.97,0.27,3,Contract,3,8,0,10,Coupe,FL,0
AL00448,819,78643,22634,28242,0.8,36,6.42,692.89,0.11,4,Self-employed,10,5,0,2,Sedan,MI,0
AL00449,614,47828,19710,20005,0.99,36,3.27,575.54,0.14,7,Self-employed,9,8,0,8,Coupe,CA,1
AL00450,634,23587,27700,28985,0.96,60,10.62,597.03,0.3,2,Part-time,0,7,0,12,Van,NY,0
AL00451,752,62115,37637,42504,0.89,72,4.11,590.73,0.11,10,Full-time,9,7,1,5,Coupe,NC,0
AL00452,781,74649,27887,27880,1.0,48,9.37,698.88,0.11,0,Self-employed,10,7,0,0,Truck,MI,0
AL00453,589,108233,40163,32781,1.23,48,9.91,1016.9,0.11,4,Full-time,3,13,4,8,Truck,MI,0
AL00454,686,65155,12582,11929,1.05,36,7.24,389.88,0.07,1,Full-time,10,4,1,4,Van,CA,0
AL00455,646,97753,30565,28316,1.08,36,2.16,877.6,0.11,3,Contract,13,6,3,2,SUV,NY,0
AL00456,642,58127,38257,37316,1.03,84,12.11,677.59,0.14,1,Self-employed,5,15,0,11,Truck,MI,0
AL00457,558,18000,20488,20293,1.01,72,9.71,376.57,0.25,6,Part-time,5,14,4,7,Van,OH,1
AL00458,772,22605,21114,26736,0.79,24,8.84,963.04,0.51,0,Full-time,17,1,0,3,Sedan,NC,0
AL00459,480,46835,29535,37969,0.78,48,3.57,661.2,0.17,3,Part-time,6,13,0,11,SUV,IL,1
AL00460,693,40745,22933,25373,0.9,36,8.22,720.97,0.21,0,Part-time,10,13,0,8,Truck,TX,0
AL00461,737,19001,36590,44176,0.83,84,6.15,537.16,0.34,3,Contract,1,10,0,4,Truck,FL,0
AL00462,623,54229,17162,17275,0.99,84,12.13,304.15,0.07,0,Contract,14,13,1,7,Truck,FL,0
AL00463,583,52086,28174,23129,1.22,72,6.17,469.19,0.11,2,Self-employed,0,4,1,2,Coupe,OH,0
AL00464,705,95098,25184,32211,0.78,48,8.91,625.63,0.08,10,Part-time,6,3,1,11,Van,PA,0
AL00465,698,73854,12306,14474,0.85,72,14.31,255.62,0.04,3,Full-time,4,3,1,12,Van,NY,0
AL00466,825,75503,30530,26659,1.15,24,8.11,1382.32,0.22,7,Contract,14,3,0,1,SUV,IL,0
AL00467,522,37656,23141,28280,0.82,36,8.74,733.08,0.23,2,Full-time,0,14,1,10,Truck,GA,1
AL00468,691,23640,32597,26717,1.22,36,13.53,1106.66,0.56,1,Part-time,4,12,0,4,Sedan,CA,1
AL00469,763,71670,23704,28246,0.84,60,9.82,501.54,0.08,1,Contract,16,3,2,7,Coupe,IL,0
AL00470,765,45407,28614,36318,0.79,24,9.27,1310.77,0.35,1,Contract,2,13,2,10,SUV,FL,0
AL00471,716,22603,13382,11849,1.13,24,6.37,595.33,0.32,2,Self-employed,9,1,0,1,Sedan,IL,1
AL00472,700,56114,17442,14827,1.18,60,2.97,313.18,0.07,1,Part-time,9,12,0,1,Truck,MI,0
AL00473,719,52839,23606,19482,1.21,60,10.46,506.92,0.12,0,Full-time,0,7,3,2,Van,PA,1
AL00474,785,61453,20885,16826,1.24,24,4.79,914.29,0.18,0,Self-employed,13,4,4,6,Van,NC,1
AL00475,541,89898,25413,23827,1.07,48,9.27,635.67,0.08,4,Self-employed,10,4,0,6,Van,NC,0
AL00476,658,76935,5000,4126,1.21,36,12.34,166.88,0.03,6,Full-time,6,6,0,1,Truck,MI,0
AL00477,623,45756,23893,23145,1.03,24,3.91,1036.59,0.27,8,Full-time,0,4,0,4,Sedan,GA,0
AL00478,650,39229,8687,9251,0.94,48,8.51,214.16,0.07,6,Contract,2,8,0,10,Truck,TX,0
AL00479,631,69118,20409,20011,1.02,60,4.72,382.53,0.07,2,Part-time,6,6,2,5,SUV,GA,1
AL00480,692,58067,20840,23936,0.87,60,9.6,438.7,0.09,1,Contract,2,5,0,4,Van,CA,0
AL00481,599,44951,10332,11739,0.88,84,5.49,148.42,0.04,6,Full-time,12,2,1,12,Van,PA,0
AL00482,721,37926,21692,25357,0.86,72,13.11,436.71,0.14,1,Part-time,2,9,0,6,Van,PA,0
AL00483,751,96592,20903,21610,0.97,84,10.35,350.81,0.04,3,Contract,0,10,2,7,Truck,TX,0
AL00484,529,74254,6168,7557,0.82,84,11.21,106.29,0.02,3,Full-time,10,9,0,8,Van,MI,1
AL00485,603,46460,17273,21293,0.81,60,10.82,374.01,0.1,0,Part-time,12,3,4,12,SUV,FL,1
AL00486,716,83669,13219,14502,0.91,24,13.99,634.62,0.09,3,Contract,12,4,4,10,SUV,MI,1
AL00487,547,49511,17646,20225,0.87,84,10.39,296.51,0.07,1,Full-time,14,2,0,6,Van,IL,0
AL00488,735,65675,15121,18519,0.82,72,6.36,253.18,0.05,10,Contract,0,15,2,12,Van,MI,0
AL00489,646,19483,14291,15349,0.93,60,15.15,341.11,0.21,0,Full-time,13,7,0,9,Van,MI,0
AL00490,579,63694,34379,37196,0.92,24,4.41,1499.19,0.28,0,Full-time,8,10,1,12,Truck,NC,0
AL00491,546,81174,23271,20283,1.15,60,10.59,501.22,0.07,5,Self-employed,9,7,1,9,Van,GA,1
AL00492,531,72064,27981,33467,0.84,48,12.23,740.01,0.12,11,Contract,13,3,1,10,Coupe,CA,1
AL00493,609,45755,36867,40433,0.91,48,13.25,993.63,0.26,0,Part-time,3,1,1,4,Truck,CA,1
AL00494,773,73308,44412,43140,1.03,48,4.46,1011.95,0.17,2,Self-employed,9,5,2,11,Sedan,NY,1
AL00495,750,74422,15837,14684,1.08,84,12.92,287.42,0.05,0,Contract,13,13,2,4,Coupe,MI,0
AL00496,690,61591,30540,32287,0.95,36,7.9,955.6,0.19,1,Contract,3,4,3,6,Coupe,NC,0
AL00497,555,90068,21698,20774,1.04,24,6.65,968.04,0.13,0,Part-time,15,2,0,8,Coupe,FL,0
AL00498,480,85539,28380,27343,1.04,72,4.23,446.99,0.06,4,Full-time,0,3,0,3,Sedan,NY,1
AL00499,587,82746,28385,24529,1.16,24,3.75,1229.46,0.18,3,Self-employed,13,12,0,5,Coupe,NC,0
AL00500,764,70640,28616,30046,0.95,24,10.48,1326.83,0.23,0,Full-time,15,4,0,9,Coupe,FL,0
AL00501,846,39704,21385,18450,1.16,60,9.17,445.68,0.13,13,Self-employed,7,6,0,4,Sedan,OH,1
AL00502,601,82437,48200,40633,1.19,24,12.22,2273.9,0.33,1,Part-time,19,14,0,3,SUV,NY,0
AL00503,768,69503,24975,28587,0.87,48,5.14,576.74,0.1,1,Contract,12,9,0,12,Sedan,GA,0
AL00504,556,91796,30740,30199,1.02,84,5.42,440.57,0.06,0,Part-time,18,10,2,3,Truck,MI,0
AL00505,720,95927,32060,25983,1.23,48,6.53,760.75,0.1,1,Self-employed,2,7,2,5,Coupe,OH,1
AL00506,778,40705,41284,48637,0.85,48,2.0,895.66,0.26,10,Contract,2,10,0,8,Truck,NC,0
AL00507,638,53181,29283,28958,1.01,72,7.81,510.71,0.12,0,Self-employed,8,5,1,7,Sedan,IL,0
AL00508,509,69163,15202,19745,0.77,84,2.0,194.09,0.03,2,Self-employed,4,14,0,10,Truck,NY,1
AL00509,536,32891,17909,20131,0.89,36,15.31,623.54,0.23,0,Full-time,10,13,2,12,Van,PA,0
AL00510,690,58451,13047,14363,0.91,84,2.0,166.58,0.03,1,Part-time,15,12,0,7,Truck,OH,0
AL00511,657,40709,30059,27185,1.11,60,4.59,561.62,0.17,0,Contract,18,12,0,11,Van,NY,1
AL00512,775,64251,35269,34307,1.03,84,8.24,553.94,0.1,0,Part-time,14,11,0,12,Coupe,IL,0
AL00513,748,62781,9230,8046,1.15,36,4.29,273.7,0.05,0,Part-time,17,5,0,2,Truck,NC,0
AL00514,569,70111,39891,48436,0.82,36,7.32,1237.56,0.21,3,Self-employed,3,11,0,5,SUV,OH,1
AL00515,719,71395,26954,23239,1.16,48,7.1,646.7,0.11,8,Self-employed,10,5,0,7,Sedan,GA,1
AL00516,477,73641,26261,29835,0.88,84,13.02,478.02,0.08,12,Full-time,7,8,2,8,Sedan,PA,1
AL00517,626,51938,44915,44487,1.01,60,4.17,830.63,0.19,0,Full-time,12,14,2,2,SUV,IL,1
AL00518,696,34147,19678,20096,0.98,72,8.8,352.76,0.12,1,Contract,14,3,0,11,SUV,TX,0
AL00519,700,87690,29441,35099,0.84,84,11.91,518.3,0.07,3,Part-time,10,6,1,0,Coupe,OH,1
AL00520,672,105448,33890,30848,1.1,36,11.91,1124.18,0.13,0,Part-time,17,8,1,12,Sedan,FL,0
AL00521,691,47717,26409,24121,1.09,84,13.85,492.72,0.12,4,Contract,7,7,0,7,Coupe,CA,1
AL00522,615,52246,20863,18800,1.11,36,5.35,628.57,0.14,2,Self-employed,7,1,2,12,Van,NY,1
AL00523,445,101059,35887,31317,1.15,24,5.99,1590.37,0.19,2,Part-time,16,4,1,5,Truck,FL,1
AL00524,831,63133,35235,45097,0.78,72,15.91,762.57,0.14,0,Self-employed,10,3,0,0,Truck,OH,0
AL00525,643,55626,24086,20753,1.16,72,7.18,412.73,0.09,2,Self-employed,4,7,2,2,Truck,GA,1
AL00526,577,79556,5000,4191,1.19,36,3.05,145.52,0.02,2,Part-time,16,15,3,6,Sedan,NY,1
AL00527,651,58716,14894,12648,1.18,36,5.44,449.33,0.09,12,Part-time,15,12,0,8,SUV,TX,0
AL00528,733,41508,9024,8288,1.09,84,9.98,149.72,0.04,3,Full-time,13,7,2,4,Van,MI,1
AL00529,745,59038,23168,22588,1.03,24,6.07,1027.55,0.21,6,Full-time,8,11,2,0,Sedan,PA,0
AL00530,684,49964,11275,11329,1.0,24,5.11,495.21,0.12,5,Self-employed,13,8,1,3,Sedan,OH,0
AL00531,816,25047,29347,36191,0.81,24,9.4,1346.1,0.64,0,Self-employed,4,10,1,2,Coupe,TX,0
AL00532,713,85590,5000,5006,1.0,72,8.13,87.98,0.01,0,Full-time,8,5,0,1,Coupe,NY,0
AL00533,602,92583,19182,21764,0.88,48,2.8,422.89,0.05,2,Part-time,0,6,1,4,SUV,CA,0
AL00534,595,89948,43577,38379,1.14,36,17.78,1570.61,0.21,3,Contract,1,6,0,0,Sedan,TX,0
AL00535,734,43751,24509,29168,0.84,84,6.86,368.23,0.1,3,Contract,12,3,3,12,Van,TX,0
AL00536,593,87529,28131,32843,0.86,24,6.45,1252.49,0.17,0,Self-employed,20,11,0,4,Truck,GA,1
AL00537,637,28642,28467,26875,1.06,36,17.55,1022.74,0.43,0,Full-time,0,14,0,12,Truck,PA,0
AL00538,677,72810,26230,23271,1.13,24,3.94,1138.34,0.19,3,Full-time,7,1,2,10,SUV,IL,1
AL00539,504,83891,34583,31060,1.11,60,7.71,696.43,0.1,0,Self-employed,9,15,1,5,Truck,FL,1
AL00540,765,64486,34040,41020,0.83,60,13.74,787.47,0.15,9,Contract,5,5,2,11,Coupe,PA,0
AL00541,578,65739,16680,15402,1.08,36,4.95,499.54,0.09,1,Full-time,18,3,1,0,SUV,TX,1
AL00542,786,98407,12771,10737,1.19,72,2.0,188.38,0.02,1,Contract,8,13,0,7,SUV,MI,0
AL00543,779,52075,35683,45188,0.79,48,9.92,903.64,0.21,0,Full-time,19,14,1,11,SUV,GA,0
AL00544,561,85184,36464,46158,0.79,24,10.1,1684.31,0.24,0,Contract,6,8,0,4,Truck,CA,0
AL00545,706,55450,16760,14565,1.15,84,4.62,233.9,0.05,7,Part-time,18,11,2,8,Van,MI,1
AL00546,680,75642,17091,20167,0.85,84,4.27,235.74,0.04,0,Part-time,0,8,0,10,Coupe,FL,0
AL00547,682,62227,23209,27640,0.84,72,9.08,419.28,0.08,5,Full-time,3,1,1,2,Van,GA,0
AL00548,657,83895,33946,36917,0.92,36,7.59,1057.34,0.15,1,Full-time,0,13,0,3,Truck,OH,1
AL00549,831,41042,16656,16700,1.0,36,10.56,541.83,0.16,1,Contract,10,7,2,1,Coupe,GA,0
AL00550,629,55280,32441,38138,0.85,60,2.0,568.62,0.12,0,Full-time,2,14,0,5,Sedan,GA,0
AL00551,600,59299,16889,20341,0.83,24,3.04,726.21,0.15,8,Full-time,11,7,0,8,Van,CA,0
AL00552,645,68161,30507,26643,1.15,72,8.83,547.33,0.1,4,Self-employed,8,15,0,3,Coupe,IL,0
AL00553,680,18270,26604,22878,1.16,24,16.35,1307.07,0.86,1,Part-time,9,14,0,8,Van,MI,0
AL00554,704,83854,12421,14606,0.85,84,10.77,211.18,0.03,0,Self-employed,5,12,0,1,SUV,CA,0
AL00555,762,77446,13569,16778,0.81,84,10.78,230.77,0.04,0,Self-employed,8,9,0,11,Sedan,CA,0
AL00556,667,83834,24162,23961,1.01,60,8.86,499.92,0.07,3,Part-time,6,14,1,11,Coupe,TX,0
AL00557,728,42989,49851,51368,0.97,36,8.56,1575.06,0.44,7,Part-time,10,2,3,6,SUV,GA,0
AL00558,747,84363,35573,34914,1.02,36,8.95,1130.38,0.16,0,Self-employed,11,2,1,0,Van,TX,0
AL00559,754,55545,35651,33343,1.07,60,13.31,816.84,0.18,1,Contract,7,11,0,8,SUV,GA,1
AL00560,704,49508,38522,33499,1.15,84,7.6,592.76,0.14,14,Full-time,6,9,3,9,Coupe,NC,0
AL00561,565,33683,27810,28375,0.98,36,2.0,796.55,0.28,8,Part-time,24,12,2,1,Coupe,MI,1
AL00562,850,56371,23936,27085,0.88,48,2.0,519.29,0.11,2,Contract,16,7,4,11,SUV,OH,0
AL00563,630,71654,29968,30252,0.99,48,11.78,785.94,0.13,2,Self-employed,12,8,2,2,Coupe,MI,0
AL00564,613,19630,26450,29042,0.91,84,7.49,405.57,0.25,10,Self-employed,8,14,1,5,Van,NY,1
AL00565,643,56812,21294,19373,1.1,72,2.11,315.13,0.07,0,Self-employed,4,11,0,10,SUV,FL,0
AL00566,721,66433,26680,27087,0.98,84,7.64,411.07,0.07,1,Self-employed,2,12,0,5,Van,GA,0
AL00567,794,30517,19140,15652,1.22,84,8.82,306.2,0.12,20,Contract,14,11,1,8,Truck,PA,0
AL00568,644,46154,5310,6041,0.88,72,12.05,103.95,0.03,8,Full-time,8,1,0,0,Sedan,NY,0
AL00569,702,59554,28220,33222,0.85,36,7.46,877.3,0.18,1,Self-employed,9,11,0,0,Truck,NY,0
AL00570,681,40492,38035,30560,1.24,24,2.0,1618.02,0.48,6,Self-employed,5,14,0,9,Van,NY,0
AL00571,760,50048,17179,14328,1.2,72,4.46,272.38,0.07,0,Contract,0,4,0,12,Truck,CA,0
AL00572,717,23377,12715,15740,0.81,60,7.44,254.42,0.13,1,Contract,12,13,4,5,Van,CA,1
AL00573,667,53466,14574,12856,1.13,48,2.81,321.36,0.07,6,Part-time,9,10,2,7,SUV,IL,0
AL00574,609,63621,38032,31906,1.19,72,6.69,642.76,0.12,7,Part-time,9,13,1,3,Truck,GA,1
AL00575,680,53487,23356,22003,1.06,84,8.35,368.12,0.08,1,Full-time,1,3,4,11,Van,TX,1
AL00576,551,35654,26594,30466,0.87,60,5.45,507.36,0.17,2,Self-employed,3,9,0,2,Van,OH,1
AL00577,732,76215,15061,16168,0.93,60,9.18,313.96,0.05,0,Part-time,1,1,0,5,Van,CA,0
AL00578,536,52343,23762,21137,1.12,84,9.73,391.17,0.09,0,Self-employed,7,8,1,8,Truck,TX,0
AL00579,648,65385,24551,29157,0.84,48,8.23,602.02,0.11,1,Part-time,2,3,0,12,Van,FL,0
AL00580,719,83637,29809,24876,1.2,72,2.5,446.27,0.06,4,Contract,2,2,0,3,Truck,IL,0
AL00581,602,52048,37376,37041,1.01,36,9.02,1188.89,0.27,0,Contract,4,9,2,10,Sedan,TX,0
AL00582,623,79577,11282,12415,0.91,60,3.56,205.54,0.03,6,Part-time,15,15,1,9,SUV,CA,0
AL00583,668,31336,19753,16887,1.17,48,9.47,495.97,0.19,8,Contract,14,15,1,1,Coupe,OH,0
AL00584,591,52689,23487,25950,0.91,48,5.08,541.74,0.12,0,Full-time,1,15,0,12,Truck,NC,0
AL00585,643,44213,24929,21479,1.16,60,6.64,489.4,0.13,1,Contract,9,1,0,10,SUV,IL,0
AL00586,812,62797,34961,37313,0.94,24,5.62,1543.51,0.29,9,Part-time,5,13,0,0,Sedan,NY,0
AL00587,592,30461,17606,22465,0.78,36,12.27,587.04,0.23,5,Contract,12,14,0,8,Coupe,TX,0
AL00588,699,29345,23037,26998,0.85,36,6.93,710.58,0.29,1,Full-time,11,8,1,0,Sedan,TX,1
AL00589,674,70725,5000,6273,0.8,48,6.85,119.38,0.02,3,Full-time,11,10,2,4,Coupe,PA,0
AL00590,726,44001,5919,7246,0.82,60,12.27,132.47,0.04,11,Contract,5,6,0,10,Sedan,NC,1
AL00591,791,74210,29293,29220,1.0,84,9.02,471.59,0.08,0,Full-time,16,13,1,0,Sedan,IL,0
AL00592,604,92295,21779,21310,1.02,24,2.96,935.7,0.12,5,Self-employed,10,13,1,9,Sedan,OH,0
AL00593,566,64370,35094,36543,0.96,60,4.12,648.21,0.12,0,Contract,7,7,2,0,Coupe,FL,1
AL00594,723,78991,24405,25930,0.94,36,3.44,714.47,0.11,2,Contract,12,13,1,8,Truck,FL,0
AL00595,658,53272,34603,37209,0.93,84,9.35,562.9,0.13,0,Self-employed,11,1,0,8,SUV,TX,1
AL00596,802,77750,32608,41989,0.78,72,2.0,480.98,0.07,4,Contract,12,9,0,1,Truck,NY,0
AL00597,652,44548,28791,28699,1.0,84,12.42,514.73,0.14,2,Self-employed,5,4,0,10,Van,FL,1
AL00598,753,70752,29281,26086,1.12,36,2.67,847.28,0.14,4,Self-employed,6,4,0,10,Van,CA,0
AL00599,850,71410,19193,15752,1.22,72,5.05,309.55,0.05,1,Contract,13,11,0,4,Sedan,OH,1
AL00600,694,45367,43904,56046,0.78,84,8.83,702.59,0.19,2,Contract,8,6,0,10,SUV,TX,0
AL00601,631,67262,28111,30421,0.92,24,2.0,1195.85,0.21,3,Part-time,6,6,0,5,Van,OH,0
AL00602,591,66951,25866,30103,0.86,36,7.81,808.28,0.14,3,Self-employed,8,13,0,6,SUV,CA,0
AL00603,725,39006,38625,40358,0.96,36,14.06,1321.24,0.41,3,Contract,9,5,2,2,Truck,GA,0
AL00604,513,71062,19517,17426,1.12,48,6.99,467.27,0.08,4,Self-employed,3,8,0,2,Van,TX,0
AL00605,544,50574,5245,6642,0.79,36,10.5,170.48,0.04,10,Part-time,0,5,1,10,Sedan,TX,0
AL00606,682,18443,21797,27470,0.79,72,7.62,378.14,0.25,5,Full-time,6,14,0,6,Van,NY,0
AL00607,610,59375,25180,27876,0.9,72,9.39,458.77,0.09,1,Self-employed,0,9,2,8,Coupe,FL,1
AL00608,629,50234,31333,28120,1.11,36,13.8,1067.85,0.26,0,Self-employed,8,3,0,8,Sedan,PA,1
AL00609,601,63973,24209,29583,0.82,24,5.18,1064.04,0.2,1,Part-time,5,14,4,9,SUV,NC,1
AL00610,672,103398,10763,11682,0.92,36,2.56,310.92,0.04,0,Part-time,2,10,3,10,SUV,GA,0
AL00611,617,54803,40985,38632,1.06,24,10.71,1904.71,0.42,3,Part-time,2,13,0,1,Truck,IL,1
AL00612,452,43812,34567,33150,1.04,84,10.99,591.69,0.16,3,Part-time,7,9,3,5,Coupe,GA,0
AL00613,550,65992,34324,37056,0.93,24,5.84,1518.79,0.28,2,Full-time,7,11,0,11,Van,OH,0
AL00614,711,45238,26812,30607,0.88,48,8.0,654.56,0.17,0,Part-time,11,7,1,5,Van,TX,0
AL00615,796,68972,34619,38923,0.89,60,6.55,678.17,0.12,9,Part-time,3,9,0,5,Coupe,GA,0
AL00616,705,40166,18671,23421,0.8,24,10.55,866.32,0.26,1,Part-time,13,8,0,1,Van,OH,0
AL00617,725,45905,9624,10666,0.9,36,6.92,296.81,0.08,0,Part-time,6,6,1,1,SUV,PA,0
AL00618,519,52233,21943,19787,1.11,84,5.87,319.19,0.07,3,Full-time,15,8,1,7,SUV,MI,1
AL00619,784,55513,33595,33392,1.01,60,7.82,678.3,0.15,7,Full-time,2,4,0,9,Van,FL,0
AL00620,793,57730,27215,26292,1.04,72,11.57,525.99,0.11,10,Full-time,11,15,0,0,SUV,OH,0
AL00621,727,48202,23678,23526,1.01,72,7.79,412.73,0.1,1,Contract,14,10,4,10,Sedan,OH,0
AL00622,750,58747,27431,32942,0.83,36,11.72,907.44,0.19,0,Contract,7,10,4,7,SUV,NY,0
AL00623,771,44452,40587,41491,0.98,72,2.0,598.68,0.16,5,Part-time,6,13,0,12,SUV,MI,0
AL00624,528,50904,14601,14600,1.0,48,7.98,356.32,0.08,8,Part-time,4,12,1,7,Van,MI,1
AL00625,704,38089,16192,18629,0.87,60,14.69,382.58,0.12,2,Contract,6,3,0,3,Van,NC,0
AL00626,680,81407,37718,30898,1.22,36,8.12,1184.03,0.17,2,Full-time,7,3,0,9,Van,CA,0
AL00627,751,60084,31188,37391,0.83,72,14.05,643.49,0.13,7,Full-time,0,2,0,2,Van,NC,0
AL00628,469,67767,24051,27624,0.87,84,4.44,333.64,0.06,3,Contract,7,9,0,0,Van,PA,1
AL00629,759,55657,30265,32651,0.93,60,5.59,579.35,0.12,0,Contract,8,6,0,11,Van,TX,0
AL00630,718,54627,6636,8155,0.81,48,3.69,148.92,0.03,0,Contract,4,13,0,1,Truck,MI,0
AL00631,758,45760,9571,8452,1.13,60,6.86,188.89,0.05,1,Self-employed,7,4,0,11,Sedan,MI,0
AL00632,719,59814,28069,24969,1.12,72,7.1,479.9,0.1,4,Full-time,12,7,1,11,Truck,PA,0
AL00633,702,49815,16536,13554,1.22,36,5.16,496.79,0.12,0,Contract,5,11,0,4,Van,PA,0
AL00634,708,106981,17839,18091,0.99,72,6.86,302.94,0.03,3,Self-employed,12,11,0,3,Coupe,NC,0
AL00635,489,50082,35973,45450,0.79,60,2.0,630.53,0.15,13,Part-time,0,6,0,7,Truck,OH,0
AL00636,725,64873,14097,13269,1.06,84,4.8,197.92,0.04,26,Contract,0,12,0,10,Sedan,NY,0
AL00637,688,47473,29940,27826,1.08,84,2.0,382.26,0.1,1,Part-time,6,2,0,6,Truck,NC,0
AL00638,636,75956,6406,8038,0.8,84,6.22,94.26,0.01,1,Full-time,8,3,0,10,Sedan,TX,0
AL00639,828,50364,28244,30126,0.94,60,2.0,495.05,0.12,2,Contract,7,2,0,3,Truck,TX,0
AL00640,774,32531,30199,32370,0.93,84,8.1,472.19,0.17,18,Contract,17,15,4,9,Van,OH,0
AL00641,554,87111,18891,18744,1.01,72,9.52,345.42,0.05,1,Full-time,15,13,2,10,Coupe,GA,1
AL00642,652,89065,24217,26354,0.92,84,11.79,424.78,0.06,1,Self-employed,5,4,0,9,Van,NC,0
AL00643,682,29137,26642,27248,0.98,72,16.28,582.03,0.24,13,Part-time,13,11,0,3,Sedan,FL,1
AL00644,696,64190,14083,17378,0.81,48,14.03,385.05,0.07,1,Contract,11,6,1,6,Van,NY,0
AL00645,672,42244,34976,32247,1.08,84,6.35,516.84,0.15,13,Full-time,11,15,0,4,Van,MI,0
AL00646,656,58803,29935,28752,1.04,48,15.3,837.67,0.17,1,Part-time,9,10,4,7,Coupe,MI,1
AL00647,669,49525,11414,11933,0.96,36,3.18,332.84,0.08,1,Contract,5,9,0,1,Van,OH,0
AL00648,602,58637,28639,29279,0.98,24,8.66,1303.9,0.27,1,Self-employed,8,15,0,12,Van,OH,0
AL00649,772,79462,17209,19591,0.88,60,8.31,351.5,0.05,0,Contract,15,13,0,5,Coupe,GA,0
AL00650,728,70172,20696,16870,1.23,24,6.94,926.05,0.16,0,Contract,14,2,0,6,SUV,NY,0
AL00651,776,29456,14449,13652,1.06,60,8.01,293.04,0.12,1,Self-employed,5,9,0,11,Truck,NY,0
AL00652,570,40517,32034,31500,1.02,60,8.67,659.85,0.2,12,Self-employed,7,2,0,2,Coupe,IL,1
AL00653,629,74639,23030,21496,1.07,72,5.64,377.77,0.06,2,Self-employed,10,3,3,10,SUV,GA,0
AL00654,710,51813,35059,40094,0.87,36,5.91,1065.13,0.25,4,Part-time,7,14,0,3,SUV,NY,0
AL00655,678,57854,37202,44014,0.85,48,3.19,826.57,0.17,1,Part-time,5,13,0,1,Coupe,MI,1
AL00656,752,93988,20982,24055,0.87,72,11.84,408.46,0.05,9,Full-time,16,14,0,9,Truck,GA,0
AL00657,717,47088,8389,8701,0.96,72,9.51,153.35,0.04,1,Self-employed,12,8,0,12,Van,OH,0
AL00658,695,98966,35251,37343,0.94,72,2.0,519.97,0.06,0,Part-time,7,1,0,6,Coupe,NC,1
AL00659,517,60949,22509,19507,1.15,48,2.0,488.34,0.1,10,Contract,10,14,1,2,Coupe,TX,0
AL00660,737,64540,21759,26197,0.83,60,5.86,419.25,0.08,4,Self-employed,9,12,0,10,SUV,PA,0
AL00661,702,83909,19033,20257,0.94,48,15.89,538.33,0.08,0,Self-employed,4,10,2,2,Van,OH,1
AL00662,697,25155,19539,20959,0.93,60,9.11,406.64,0.19,6,Self-employed,4,6,0,6,SUV,PA,0
AL00663,490,100841,27952,34492,0.81,48,4.39,636.02,0.08,7,Self-employed,4,14,0,7,SUV,MI,1
AL00664,695,47850,20956,19489,1.08,72,9.8,386.12,0.1,3,Part-time,7,14,0,4,SUV,NC,0
AL00665,721,76398,28243,26479,1.07,60,5.37,537.78,0.08,4,Part-time,3,3,2,11,SUV,GA,0
AL00666,602,81601,34427,41938,0.82,36,12.82,1157.0,0.17,0,Contract,14,8,0,10,Van,NC,0
AL00667,669,76937,23847,28931,0.82,60,5.96,460.59,0.07,4,Self-employed,4,5,0,9,Sedan,PA,1
AL00668,675,38831,5000,6321,0.79,36,2.0,143.21,0.04,2,Full-time,13,4,2,7,Sedan,GA,0
AL00669,651,18000,38697,43770,0.88,48,3.16,859.27,0.57,5,Self-employed,3,6,0,12,Truck,IL,1
AL00670,589,67007,16556,13574,1.22,24,11.51,775.57,0.14,8,Self-employed,9,14,1,9,SUV,MI,0
AL00671,537,18000,27266,33009,0.83,84,5.25,388.59,0.26,1,Part-time,13,13,0,5,Van,GA,0
AL00672,658,53188,30001,32259,0.93,60,6.65,589.11,0.13,1,Full-time,13,7,1,7,SUV,FL,0
AL00673,609,61997,29807,26626,1.12,48,13.49,806.92,0.16,0,Contract,13,11,1,6,Sedan,TX,1
AL00674,703,85353,27887,26865,1.04,36,11.88,924.65,0.13,1,Self-employed,0,6,1,11,Truck,MI,0
AL00675,775,96987,33431,30186,1.11,48,12.15,882.83,0.11,1,Contract,12,13,2,5,Van,NC,0
AL00676,713,62148,28873,25756,1.12,60,14.97,686.43,0.13,6,Part-time,14,3,2,2,SUV,OH,0
AL00677,747,70281,20388,22839,0.89,84,10.53,344.07,0.06,1,Full-time,2,4,0,1,Sedan,TX,0
AL00678,702,43096,30533,28019,1.09,60,10.96,663.25,0.18,0,Full-time,7,1,1,8,Sedan,TX,0
AL00679,713,48441,33811,29527,1.15,36,7.51,1051.89,0.26,4,Full-time,5,11,3,6,Truck,NY,1
AL00680,643,77134,41773,49184,0.85,48,5.47,970.92,0.15,2,Contract,0,11,0,8,SUV,CA,1
AL00681,603,32949,9164,11525,0.8,48,9.15,228.7,0.08,1,Self-employed,11,14,0,8,Truck,NC,0
AL00682,701,73155,24304,27667,0.88,84,3.79,329.86,0.05,1,Part-time,5,10,0,10,Van,PA,0
AL00683,665,41743,20825,18016,1.16,84,8.88,333.79,0.1,4,Self-employed,5,15,0,8,SUV,TX,0
AL00684,765,69928,45750,52089,0.88,48,11.64,1196.7,0.21,1,Contract,15,5,0,0,Sedan,NC,0
AL00685,675,48980,26680,32448,0.82,36,11.28,877.01,0.21,19,Self-employed,10,5,0,0,Coupe,GA,0
AL00686,609,74849,18624,15895,1.17,60,8.01,377.72,0.06,1,Self-employed,8,10,0,0,Van,IL,1
AL00687,596,98903,6789,8018,0.85,72,5.11,109.68,0.01,11,Contract,9,7,0,11,Coupe,PA,1
AL00688,726,57990,24426,22813,1.07,24,8.43,1109.52,0.23,5,Contract,11,11,0,12,Van,OH,0
AL00689,749,40676,24206,26950,0.9,84,6.3,357.11,0.11,0,Self-employed,5,7,0,1,SUV,FL,0
AL00690,732,38596,42190,46325,0.91,84,6.52,626.91,0.19,6,Contract,10,10,0,11,Van,GA,0
AL00691,748,35416,39521,34299,1.15,24,7.56,1779.51,0.6,15,Part-time,5,1,4,0,SUV,TX,1
AL00692,656,76178,19155,18947,1.01,36,6.48,586.91,0.09,15,Contract,4,12,0,1,SUV,CA,0
AL00693,585,96410,19336,16146,1.2,48,10.83,498.15,0.06,0,Contract,9,5,1,7,Truck,GA,0
AL00694,601,59880,32840,40113,0.82,24,14.6,1586.07,0.32,5,Self-employed,5,2,2,2,Sedan,OH,0
AL00695,643,38403,18864,18501,1.02,24,8.28,855.58,0.27,3,Contract,7,3,0,4,Coupe,CA,1
AL00696,692,54449,37912,45425,0.83,84,11.21,653.34,0.14,2,Part-time,9,7,1,7,SUV,CA,1
AL00697,810,86233,14078,11920,1.18,84,6.49,208.98,0.03,0,Full-time,6,9,1,3,Coupe,PA,0
AL00698,719,73727,16611,15946,1.04,48,2.49,363.94,0.06,12,Self-employed,8,3,1,0,Van,NC,1
AL00699,795,49752,25558,26265,0.97,60,6.26,497.2,0.12,2,Self-employed,7,4,0,0,SUV,TX,0
AL00700,671,50927,42262,49282,0.86,60,10.19,901.9,0.21,3,Self-employed,5,1,0,4,Van,TX,0
AL00701,626,45340,35960,36240,0.99,36,9.2,1146.87,0.3,1,Full-time,9,1,0,11,Coupe,MI,0
AL00702,747,46415,5000,4510,1.11,24,2.0,212.7,0.05,21,Part-time,14,3,0,10,Van,IL,0
AL00703,518,18000,33139,39780,0.83,84,8.01,516.68,0.34,2,Full-time,11,1,0,2,Van,TX,1
AL00704,809,32145,24654,25442,0.97,36,8.63,779.75,0.29,1,Self-employed,7,9,1,12,Truck,GA,0
AL00705,683,72468,32034,27699,1.16,24,16.12,1570.32,0.26,1,Contract,9,6,1,4,Sedan,GA,0
AL00706,615,89639,22167,20177,1.1,72,6.21,369.57,0.05,10,Self-employed,2,9,1,3,Van,FL,0
AL00707,628,93307,16438,21242,0.77,48,7.64,398.53,0.05,4,Contract,11,5,2,9,Van,FL,1
AL00708,549,69605,14448,13331,1.08,36,11.23,474.58,0.08,4,Contract,11,5,2,8,Truck,GA,1
AL00709,748,65026,22686,20965,1.08,84,5.19,322.67,0.06,17,Contract,15,12,0,0,Van,IL,0
AL00710,624,39258,31653,29104,1.09,36,4.89,947.11,0.29,1,Self-employed,0,12,0,8,Coupe,NY,0
AL00711,673,64861,34513,30140,1.15,60,9.61,726.69,0.13,0,Part-time,10,10,0,6,Truck,TX,1
AL00712,781,62526,20308,19383,1.05,84,12.64,365.48,0.07,6,Full-time,4,1,2,2,SUV,CA,1
AL00713,726,57426,39069,40707,0.96,60,5.56,747.35,0.16,9,Part-time,4,2,0,10,Coupe,GA,0
AL00714,727,68192,28569,26985,1.06,84,8.01,445.42,0.08,3,Self-employed,2,1,0,9,Sedan,CA,0
AL00715,737,62235,35071,28289,1.24,36,9.57,1124.58,0.22,3,Contract,7,15,2,1,Coupe,CA,0
AL00716,426,64212,20115,21153,0.95,84,7.15,305.07,0.06,0,Contract,15,14,0,11,Sedan,MI,1
AL00717,596,69468,27909,24520,1.14,24,11.33,1305.06,0.23,13,Full-time,4,14,0,3,Van,TX,1
AL00718,682,32699,32014,38475,0.83,36,2.0,916.96,0.34,5,Contract,8,4,0,10,SUV,MI,0
AL00719,691,38277,16317,16463,0.99,36,7.89,510.49,0.16,7,Contract,6,12,0,10,Van,IL,0
AL00720,647,49304,27949,31067,0.9,84,12.24,496.97,0.12,1,Contract,5,15,0,12,SUV,NC,0
AL00721,578,73376,31719,27386,1.16,48,9.04,789.93,0.13,8,Part-time,3,9,4,7,Truck,IL,1
AL00722,699,36338,22472,25846,0.87,48,5.88,526.52,0.17,2,Self-employed,9,7,1,6,Truck,MI,0
AL00723,731,60387,5000,6120,0.82,72,10.63,94.23,0.02,2,Part-time,2,7,1,11,Truck,IL,0
AL00724,425,65581,27915,27964,1.0,60,7.09,553.94,0.1,3,Contract,0,1,1,4,Van,CA,1
AL00725,738,46986,5000,4267,1.17,48,6.82,119.31,0.03,1,Full-time,7,5,4,3,Truck,CA,0
AL00726,701,56997,12359,11784,1.05,84,7.29,188.29,0.04,3,Self-employed,7,15,0,8,Van,MI,0
AL00727,515,74783,30070,29729,1.01,24,7.27,1350.0,0.22,1,Contract,6,6,0,4,Truck,MI,1
AL00728,552,45219,31523,36397,0.87,48,7.27,758.81,0.2,5,Self-employed,6,2,0,9,SUV,TX,0
AL00729,740,21718,31594,26101,1.21,60,4.28,585.85,0.32,7,Part-time,9,8,2,11,Van,TX,0
AL00730,660,86408,16255,15598,1.04,48,7.38,392.12,0.05,0,Full-time,1,12,2,6,Sedan,CA,0
AL00731,674,64824,25845,24161,1.07,48,10.69,664.09,0.12,4,Self-employed,12,15,2,6,Sedan,NY,0
AL00732,585,71757,31197,32908,0.95,72,4.26,491.79,0.08,1,Full-time,5,11,1,6,Sedan,OH,0
AL00733,788,46926,16936,13701,1.24,48,7.8,411.87,0.11,0,Part-time,11,6,0,3,SUV,CA,0
AL00734,668,83327,30309,31314,0.97,60,4.25,561.61,0.08,8,Contract,6,13,0,8,Sedan,NY,0
AL00735,635,69587,5000,5562,0.9,60,17.7,126.15,0.02,11,Part-time,13,3,0,7,Van,CA,0
AL00736,850,77414,34488,29936,1.15,48,6.4,816.29,0.13,1,Full-time,9,7,0,12,SUV,FL,0
AL00737,625,32988,24241,24330,1.0,36,2.0,694.32,0.25,17,Contract,8,7,1,3,Van,MI,0
AL00738,638,121537,38601,41719,0.93,72,5.69,634.1,0.06,1,Part-time,5,4,0,12,Coupe,IL,0
AL00739,572,68644,18186,15782,1.15,72,11.37,349.61,0.06,0,Full-time,12,2,1,6,Truck,IL,1
AL00740,789,42952,29753,27423,1.08,48,5.8,696.03,0.19,0,Full-time,10,13,0,5,Van,GA,0
AL00741,618,92190,27274,23052,1.18,60,10.04,580.03,0.08,11,Full-time,3,15,2,3,Truck,FL,0
AL00742,582,48611,23759,24905,0.95,24,6.48,1058.16,0.26,1,Full-time,3,12,0,9,SUV,OH,1
AL00743,733,72075,21081,20800,1.01,84,3.43,282.65,0.05,0,Full-time,11,5,0,0,Truck,NY,0
AL00744,754,50069,13465,11484,1.17,36,3.92,397.06,0.1,17,Part-time,9,9,0,4,Van,GA,0
AL00745,638,86505,33271,35834,0.93,36,8.13,1044.59,0.14,0,Full-time,13,7,0,10,Van,CA,0
AL00746,649,87022,37927,46779,0.81,24,7.89,1713.43,0.24,5,Self-employed,3,4,1,9,Truck,CA,0
AL00747,726,88283,29473,34190,0.86,24,5.5,1299.63,0.18,0,Full-time,1,7,1,10,Truck,TX,1
AL00748,668,81930,5000,5548,0.9,84,11.38,86.61,0.01,0,Contract,10,4,4,8,Sedan,IL,1
AL00749,680,84599,34826,33955,1.03,72,2.0,513.7,0.07,10,Full-time,8,3,0,7,Van,CA,1
AL00750,621,94962,35400,32845,1.08,72,11.6,684.74,0.09,0,Self-employed,5,6,0,11,SUV,CA,0
AL00751,699,85062,32899,29732,1.11,48,11.38,856.38,0.12,3,Self-employed,7,11,0,8,Truck,CA,0
AL00752,764,58969,30030,26167,1.15,60,9.59,632.01,0.13,1,Full-time,7,9,3,3,SUV,IL,0
AL00753,627,55285,15605,18592,0.84,84,11.98,275.3,0.06,2,Part-time,15,2,1,8,Van,NY,0
AL00754,673,39831,5000,4940,1.01,72,9.26,90.77,0.03,6,Part-time,0,7,4,9,Truck,GA,1
AL00755,711,18000,13020,12222,1.07,36,11.05,426.57,0.28,10,Part-time,10,10,0,12,SUV,FL,0
AL00756,810,55579,25693,28494,0.9,84,19.56,563.76,0.12,1,Part-time,11,7,4,12,SUV,MI,0
AL00757,670,71335,18426,15086,1.22,48,7.3,443.8,0.07,5,Full-time,11,9,0,11,Sedan,FL,0
AL00758,850,76160,16519,14604,1.13,36,6.81,508.62,0.08,1,Full-time,1,13,0,6,Coupe,OH,0
AL00759,738,34515,35484,35798,0.99,84,9.45,579.04,0.2,0,Self-employed,15,3,1,1,SUV,FL,1
AL00760,738,60175,22623,18522,1.22,72,10.65,426.56,0.09,13,Self-employed,8,10,0,3,Van,NY,0
AL00761,511,100843,26553,22104,1.2,24,9.09,1214.16,0.14,2,Self-employed,7,2,1,7,SUV,NC,0
AL00762,552,105541,12654,12380,1.02,60,7.56,253.92,0.03,7,Self-employed,1,3,2,7,Coupe,FL,1
AL00763,581,85086,32310,41483,0.78,36,9.65,1037.25,0.15,8,Full-time,11,7,1,0,Truck,PA,1
AL00764,850,103701,18132,19557,0.93,84,4.0,247.84,0.03,3,Part-time,12,13,0,2,Coupe,MI,0
AL00765,666,43743,33280,43108,0.77,48,11.78,872.8,0.24,1,Contract,0,15,0,6,Sedan,MI,0
AL00766,678,82437,23133,26420,0.88,60,6.61,453.82,0.07,8,Self-employed,9,7,1,11,Van,MI,0
AL00767,582,37569,32093,26441,1.21,84,7.58,493.52,0.16,1,Full-time,6,9,0,7,Sedan,NY,0
AL00768,763,53295,11589,11505,1.01,60,8.07,235.37,0.05,2,Full-time,9,9,0,12,Sedan,NY,0
AL00769,678,65783,13210,16826,0.79,60,6.62,259.21,0.05,5,Self-employed,11,13,2,7,SUV,PA,0
AL00770,555,64016,26007,32269,0.81,24,13.67,1244.62,0.23,3,Part-time,8,8,2,7,Sedan,NC,1
AL00771,600,62718,25844,24149,1.07,72,3.22,395.21,0.08,0,Part-time,12,7,0,7,Sedan,FL,0
AL00772,850,59659,30050,24995,1.2,84,12.32,535.62,0.11,23,Part-time,8,15,0,4,Truck,FL,0
AL00773,534,45884,11080,9091,1.22,24,14.32,533.66,0.14,1,Full-time,12,2,1,10,Truck,TX,1
AL00774,590,44662,25680,32536,0.79,60,10.32,549.68,0.15,6,Part-time,13,7,0,0,SUV,IL,0
AL00775,699,61562,29002,30700,0.94,84,8.31,456.52,0.09,0,Part-time,2,3,2,2,Sedan,PA,1
AL00776,686,50387,50393,56001,0.9,84,10.08,838.67,0.2,1,Contract,7,5,1,1,SUV,NY,1
AL00777,813,48210,9175,9224,0.99,48,10.77,236.11,0.06,0,Full-time,6,8,0,7,Van,CA,0
AL00778,674,73783,18163,16357,1.11,60,7.3,362.23,0.06,0,Part-time,3,4,0,7,Coupe,PA,0
AL00779,691,61956,29360,24256,1.21,72,10.88,557.04,0.11,6,Full-time,9,4,2,4,Van,NC,0
AL00780,716,28355,25502,31180,0.82,36,5.72,772.59,0.33,0,Full-time,5,3,0,10,Truck,CA,1
AL00781,634,70728,35338,38069,0.93,24,5.87,1564.13,0.27,9,Self-employed,7,6,3,0,Sedan,PA,0
AL00782,663,74932,28255,29101,0.97,36,2.61,816.84,0.13,6,Self-employed,10,10,1,11,Van,MI,0
AL00783,610,59782,26373,23003,1.15,36,19.17,969.0,0.19,2,Contract,9,12,0,0,Sedan,OH,1
AL00784,514,58160,25160,29701,0.85,60,3.97,463.02,0.1,0,Full-time,15,13,0,8,Sedan,OH,1
AL00785,618,37438,28098,24653,1.14,24,2.41,1200.37,0.38,1,Self-employed,10,6,0,8,SUV,NY,0
AL00786,824,33968,6469,6993,0.93,24,9.34,296.54,0.1,1,Full-time,9,8,1,9,Truck,PA,0
AL00787,763,20899,21310,24177,0.88,48,8.36,523.85,0.3,2,Self-employed,4,9,0,9,Truck,FL,0
AL00788,676,71120,19087,19601,0.97,60,3.94,351.0,0.06,7,Contract,0,8,2,9,SUV,OH,0
AL00789,612,78513,21692,27340,0.79,24,5.46,956.13,0.15,3,Full-time,19,1,0,12,Sedan,NY,0
AL00790,746,83196,19940,21169,0.94,60,10.4,427.6,0.06,1,Contract,8,1,0,8,SUV,CA,0
AL00791,708,70085,27909,25113,1.11,84,5.47,400.66,0.07,1,Self-employed,16,5,1,4,Truck,NC,0
AL00792,681,55502,15712,16380,0.96,24,12.78,745.35,0.16,0,Full-time,8,11,0,6,Van,MI,0
AL00793,728,79158,43076,43334,0.99,36,9.52,1380.25,0.21,0,Part-time,9,6,2,10,Coupe,GA,0
AL00794,845,32043,37025,46408,0.8,84,4.31,511.39,0.19,2,Part-time,8,8,0,7,Van,IL,0
AL00795,740,73088,34720,32422,1.07,60,7.45,694.89,0.11,2,Full-time,12,14,0,9,Truck,NC,0
AL00796,713,40684,19614,18038,1.09,36,2.0,561.8,0.17,1,Self-employed,5,13,3,12,Truck,TX,0
AL00797,647,45226,8729,8496,1.03,48,15.59,245.55,0.07,5,Full-time,9,6,4,10,Van,FL,0
AL00798,713,83821,16813,14728,1.14,60,6.05,325.43,0.05,6,Part-time,3,10,0,12,Truck,IL,0
AL00799,573,74482,37907,42748,0.89,48,17.85,1110.55,0.18,1,Contract,5,2,0,3,Truck,GA,0
AL00800,742,30590,12372,13259,0.93,48,10.21,315.04,0.12,6,Part-time,2,9,0,1,Truck,CA,0
AL00801,809,68316,12831,15454,0.83,24,12.95,609.71,0.11,1,Contract,15,9,0,7,Van,FL,0
AL00802,716,30076,15817,16286,0.97,60,15.55,380.87,0.15,9,Self-employed,10,13,0,12,Sedan,NC,0
AL00803,663,53746,33578,41251,0.81,36,9.71,1078.9,0.24,2,Part-time,7,12,0,6,Van,TX,1
AL00804,611,44820,15212,18043,0.84,24,15.13,738.52,0.2,0,Full-time,0,6,0,0,Sedan,NC,0
AL00805,627,54793,9899,12539,0.79,84,6.62,147.57,0.03,1,Self-employed,9,1,0,4,SUV,IL,1
AL00806,584,81683,27103,28147,0.96,48,2.0,588.0,0.09,3,Self-employed,4,9,0,7,Sedan,OH,1
AL00807,636,54901,27561,35818,0.77,48,12.27,729.45,0.16,1,Full-time,4,1,3,8,Van,TX,1
AL00808,640,49749,16984,20319,0.84,48,9.24,424.59,0.1,1,Self-employed,6,5,0,11,Truck,MI,0
AL00809,595,68556,7980,9323,0.86,24,5.25,350.99,0.06,2,Self-employed,6,10,2,8,Coupe,CA,1
AL00810,503,20022,25340,29511,0.86,60,9.13,527.62,0.32,3,Full-time,9,2,0,1,Coupe,PA,1
AL00811,636,77898,8679,8971,0.97,72,3.88,135.31,0.02,1,Contract,7,10,0,5,SUV,NC,1
AL00812,689,61237,15724,13028,1.21,60,6.56,308.1,0.06,2,Part-time,6,2,2,11,Coupe,TX,0
AL00813,789,53927,20111,19444,1.03,84,13.86,375.33,0.08,1,Contract,2,8,0,3,SUV,MI,0
AL00814,674,68632,32396,33727,0.96,48,9.28,810.49,0.14,13,Contract,8,3,1,10,Truck,IL,0
AL00815,728,48857,19135,21776,0.88,24,5.02,839.65,0.21,2,Full-time,12,8,0,7,Coupe,FL,0
AL00816,681,87020,9874,8686,1.14,48,6.08,232.25,0.03,2,Part-time,1,9,0,11,Sedan,IL,0
AL00817,624,63233,26028,21074,1.24,24,8.1,1178.36,0.22,1,Self-employed,0,9,0,9,Coupe,NY,0
AL00818,744,64792,32330,27026,1.2,72,7.75,562.91,0.1,1,Part-time,3,8,0,5,SUV,MI,0
AL00819,584,52053,30343,31906,0.95,60,7.86,613.22,0.14,0,Self-employed,0,9,1,2,Sedan,MI,0
AL00820,772,55894,36185,32436,1.12,24,9.85,1667.25,0.36,1,Contract,4,6,0,7,SUV,OH,0
AL00821,623,72891,21175,26926,0.79,24,2.0,900.79,0.15,10,Full-time,5,11,2,12,Coupe,IL,0
AL00822,585,60678,13095,13491,0.97,84,6.82,196.49,0.04,9,Full-time,0,2,0,2,Van,CA,0
AL00823,618,24520,18139,14853,1.22,84,5.03,256.63,0.13,4,Part-time,11,8,0,6,Van,MI,1
AL00824,630,58859,36839,37135,0.99,36,4.71,1099.31,0.22,0,Self-employed,3,5,0,10,Truck,PA,0
AL00825,740,55562,11502,14575,0.79,48,14.57,317.61,0.07,0,Full-time,9,10,0,8,Coupe,FL,0
AL00826,567,51163,26108,26147,1.0,24,12.85,1239.38,0.29,4,Self-employed,13,15,0,0,Sedan,NC,0
AL00827,629,54449,14636,18643,0.79,48,6.69,348.38,0.08,2,Full-time,13,14,0,0,SUV,PA,0
AL00828,620,20653,24787,29892,0.83,60,9.06,515.26,0.3,0,Self-employed,12,12,0,6,Coupe,NC,1
AL00829,801,67634,21266,26396,0.81,36,5.5,642.15,0.11,0,Contract,7,3,0,6,Truck,PA,0
AL00830,810,56333,24802,30002,0.83,84,9.98,411.49,0.09,4,Part-time,0,3,0,10,Sedan,FL,0
AL00831,686,60735,5000,6384,0.78,60,10.48,107.42,0.02,4,Contract,4,3,0,10,Coupe,GA,0
AL00832,649,51779,35216,39802,0.88,84,2.0,449.62,0.1,3,Contract,7,10,0,8,Coupe,NC,0
AL00833,669,46966,5000,5871,0.85,60,13.9,116.08,0.03,7,Self-employed,8,4,0,9,Sedan,MI,0
AL00834,569,50327,33417,33909,0.99,84,2.62,435.85,0.1,0,Part-time,7,12,0,6,Van,MI,1
AL00835,661,57164,26355,29873,0.88,24,10.41,1221.14,0.26,9,Contract,13,12,0,9,Coupe,TX,0
AL00836,558,70091,31265,30493,1.03,84,9.96,518.39,0.09,0,Self-employed,0,8,0,8,Van,TX,1
AL00837,620,46769,32534,30576,1.06,84,5.04,460.44,0.12,0,Full-time,13,11,1,12,Van,OH,0
AL00838,681,56414,23899,23378,1.02,48,8.82,592.69,0.13,6,Full-time,16,8,0,7,Van,IL,0
AL00839,667,110018,14443,16369,0.88,48,6.09,339.79,0.04,1,Self-employed,16,3,0,9,Truck,MI,0
AL00840,813,84478,23023,21468,1.07,84,14.29,435.15,0.06,4,Contract,0,10,0,0,Truck,MI,1
AL00841,640,86561,15272,19339,0.79,60,9.13,317.99,0.04,1,Full-time,7,3,0,12,Truck,OH,1
AL00842,563,61511,35488,44890,0.79,48,2.0,769.92,0.15,0,Self-employed,0,14,0,11,Sedan,MI,1
AL00843,630,74939,25314,28821,0.88,72,10.26,472.29,0.08,6,Part-time,9,11,0,12,SUV,OH,0
AL00844,600,59944,19669,17258,1.14,36,5.59,594.72,0.12,2,Contract,2,3,1,0,Truck,TX,0
AL00845,626,63867,11518,12519,0.92,72,7.56,199.48,0.04,4,Part-time,16,14,0,6,Coupe,NY,0
AL00846,711,83350,17760,18050,0.98,84,16.25,355.28,0.05,0,Part-time,6,4,0,5,Sedan,OH,0
AL00847,774,90806,19468,16459,1.18,24,6.48,867.05,0.11,10,Full-time,4,3,0,7,Truck,GA,0
AL00848,710,82498,7572,9221,0.82,72,2.0,111.69,0.02,0,Part-time,11,7,1,6,Coupe,OH,1
AL00849,662,79406,29187,29304,1.0,60,8.38,597.13,0.09,0,Full-time,12,5,3,7,Coupe,IL,0
AL00850,683,73190,42665,53490,0.8,84,7.88,662.44,0.11,8,Full-time,2,2,3,10,Truck,PA,0
AL00851,639,18000,23316,22435,1.04,84,6.2,342.85,0.23,11,Self-employed,6,6,0,12,Sedan,OH,0
AL00852,537,41200,29766,31052,0.96,60,9.95,631.71,0.18,3,Contract,9,13,1,3,Van,NY,0
AL00853,615,67336,17595,22289,0.79,84,10.96,300.9,0.05,5,Part-time,4,6,0,10,Sedan,TX,1
AL00854,736,101694,14920,17680,0.84,24,6.22,662.74,0.08,6,Full-time,10,11,0,3,Truck,OH,0
AL00855,453,87183,32605,37983,0.86,24,2.0,1387.03,0.19,2,Full-time,15,1,3,10,SUV,MI,1
AL00856,755,56477,25829,31766,0.81,84,2.0,329.77,0.07,1,Full-time,6,2,2,2,Coupe,MI,0
AL00857,760,59112,38784,32904,1.18,36,4.81,1159.09,0.24,2,Full-time,8,12,0,4,Coupe,TX,0
AL00858,561,50247,10637,12658,0.84,48,4.59,242.99,0.06,10,Contract,11,12,3,12,Truck,OH,1
AL00859,541,86677,49974,53969,0.93,24,7.68,2252.9,0.31,2,Self-employed,1,13,0,6,Truck,CA,1
AL00860,681,63592,38451,33280,1.16,48,6.9,918.97,0.17,0,Part-time,10,8,0,3,Van,PA,1
AL00861,599,60956,19358,19195,1.01,60,2.0,339.3,0.07,6,Full-time,1,3,0,6,SUV,MI,0
AL00862,666,61367,7535,6583,1.14,60,12.22,168.45,0.03,5,Self-employed,18,2,0,1,Van,OH,0
AL00863,648,45096,23950,19271,1.24,24,9.95,1104.62,0.29,2,Contract,8,3,1,0,Sedan,PA,1
AL00864,631,53135,5000,5532,0.9,84,9.0,80.45,0.02,2,Self-employed,12,15,0,0,Van,GA,0
AL00865,686,39277,33567,29587,1.13,60,9.09,698.26,0.21,6,Full-time,10,9,0,6,Coupe,TX,0
AL00866,659,71118,5950,4910,1.21,48,2.0,129.09,0.02,0,Self-employed,6,11,0,0,Sedan,IL,0
AL00867,644,35703,5000,4801,1.04,48,6.58,118.76,0.04,13,Full-time,7,14,0,12,Truck,NY,0
AL00868,683,80456,23095,21957,1.05,24,8.35,1048.21,0.16,3,Contract,6,11,0,11,Coupe,TX,0
AL00869,629,61978,28383,25655,1.11,48,3.53,634.91,0.12,2,Contract,0,2,2,7,SUV,FL,1
AL00870,709,52322,27022,23051,1.17,24,2.52,1155.71,0.27,15,Part-time,7,8,0,12,Van,OH,0
AL00871,676,35337,38909,33637,1.16,60,2.08,683.35,0.23,2,Full-time,10,1,0,5,Sedan,PA,1
AL00872,653,49626,33532,40058,0.84,84,2.0,428.12,0.1,1,Contract,9,11,2,8,SUV,MI,1
AL00873,688,53623,31264,28856,1.08,24,7.18,1402.32,0.31,3,Full-time,17,12,0,10,Sedan,GA,0
AL00874,666,73951,16639,14884,1.12,72,2.0,245.43,0.04,7,Full-time,9,4,1,2,Sedan,FL,0
AL00875,682,73959,12674,10454,1.21,48,4.76,290.5,0.05,1,Full-time,10,8,1,9,Sedan,TX,1
AL00876,847,57238,30911,35452,0.87,72,18.76,718.36,0.15,1,Part-time,0,2,2,6,Truck,PA,1
AL00877,549,18000,27974,26985,1.04,84,8.06,436.85,0.29,0,Part-time,23,6,2,12,SUV,CA,1
AL00878,659,70202,18506,23918,0.77,48,9.02,460.7,0.08,2,Full-time,11,2,0,12,Coupe,FL,0
AL00879,774,62734,5000,5233,0.96,72,6.06,83.01,0.02,3,Part-time,13,8,0,9,Sedan,FL,1
AL00880,795,64379,16581,14267,1.16,84,7.71,256.05,0.05,2,Contract,3,13,0,7,Sedan,CA,1
AL00881,614,63523,12501,16170,0.77,24,6.44,556.53,0.11,3,Self-employed,2,7,1,12,Coupe,FL,1
AL00882,775,48062,8255,9286,0.89,84,2.0,105.4,0.03,0,Self-employed,9,9,0,3,SUV,MI,0
AL00883,591,76411,26843,29156,0.92,72,5.82,442.59,0.07,2,Part-time,1,12,0,1,Truck,IL,1
AL00884,632,67166,13034,13191,0.99,72,2.0,192.26,0.03,6,Part-time,6,4,0,8,Sedan,MI,0
AL00885,850,40112,15785,13306,1.19,72,5.24,255.98,0.08,5,Part-time,11,8,1,10,SUV,OH,1
AL00886,601,32368,7017,7259,0.97,24,4.34,305.78,0.11,1,Part-time,6,11,2,7,Coupe,FL,1
AL00887,779,84560,21651,19414,1.12,24,2.0,921.04,0.13,0,Full-time,4,11,0,3,Coupe,OH,0
AL00888,624,46930,21134,23662,0.89,60,2.06,370.99,0.09,4,Full-time,14,2,1,8,SUV,FL,0
AL00889,550,67615,16825,17972,0.94,60,8.79,347.55,0.06,2,Full-time,11,2,2,11,Coupe,MI,0
AL00890,559,30424,41722,38075,1.1,60,6.93,824.77,0.33,1,Part-time,0,12,1,5,SUV,TX,1
AL00891,661,74309,11009,13412,0.82,24,2.0,468.33,0.08,4,Part-time,0,12,0,3,Coupe,NY,1
AL00892,766,60750,35918,35886,1.0,72,15.87,776.56,0.15,0,Contract,7,1,2,2,SUV,MI,0
AL00893,667,81202,16062,16378,0.98,60,5.95,310.15,0.05,2,Self-employed,16,3,0,3,Truck,OH,0
AL00894,607,70114,24132,26536,0.91,36,7.02,745.35,0.13,2,Full-time,8,12,0,4,SUV,TX,0
AL00895,743,22531,31458,33705,0.93,60,3.1,566.66,0.3,7,Contract,11,3,1,3,Truck,MI,0
AL00896,686,24952,16392,18086,0.91,84,8.51,259.67,0.12,6,Part-time,3,10,4,3,Sedan,PA,0
AL00897,602,44078,26029,28115,0.93,60,2.0,456.23,0.12,5,Part-time,14,10,0,7,Truck,CA,0
AL00898,553,84891,47314,53003,0.89,84,6.1,693.46,0.1,0,Part-time,6,4,0,9,SUV,MI,0
AL00899,680,29111,29928,35749,0.84,72,10.83,567.05,0.23,1,Full-time,0,7,4,0,Coupe,NC,1
AL00900,560,62731,25253,22308,1.13,72,10.31,471.79,0.09,4,Contract,5,8,2,11,Sedan,GA,1
AL00901,670,72051,20543,22911,0.9,24,15.72,1003.1,0.17,2,Full-time,8,12,1,3,SUV,IL,0
AL00902,569,87361,26259,30664,0.86,84,4.42,364.03,0.05,5,Full-time,9,1,0,4,SUV,GA,0
AL00903,758,60015,31858,27845,1.14,84,2.0,406.74,0.08,5,Full-time,16,8,0,2,Coupe,FL,0
AL00904,729,64797,29863,33921,0.88,48,7.88,727.36,0.13,4,Contract,2,12,1,10,Sedan,PA,0
AL00905,807,48617,17028,15257,1.12,48,7.66,412.99,0.1,7,Full-time,10,5,0,4,Van,NC,0
AL00906,704,40033,30187,32907,0.92,36,6.36,923.28,0.28,4,Full-time,11,10,2,11,Sedan,NC,0
AL00907,717,36594,13859,13257,1.05,84,4.98,195.75,0.06,0,Self-employed,6,15,0,6,Truck,GA,0
AL00908,746,53576,9143,8779,1.04,48,11.9,240.32,0.05,3,Self-employed,7,3,1,11,Sedan,NC,0
AL00909,718,42773,46785,58240,0.8,36,8.28,1472.12,0.41,2,Part-time,9,6,0,1,Coupe,MI,0
AL00910,711,109843,22248,21420,1.04,84,7.06,336.43,0.04,3,Part-time,6,13,1,3,Truck,IL,0
AL00911,522,48257,8660,7641,1.13,72,5.8,142.71,0.04,4,Contract,0,5,0,5,Truck,GA,1
AL00912,685,77250,8050,6730,1.2,72,9.85,148.52,0.02,5,Full-time,11,8,1,10,Van,OH,0
AL00913,756,84369,47020,38517,1.22,48,6.08,1105.99,0.16,3,Full-time,8,4,2,7,Sedan,TX,0
AL00914,802,33099,16389,18378,0.89,36,10.5,532.68,0.19,1,Self-employed,9,2,0,4,Sedan,FL,0
AL00915,707,90005,25745,27259,0.94,36,11.6,850.19,0.11,3,Full-time,8,5,0,10,Van,FL,0
AL00916,737,52694,48879,41392,1.18,60,10.55,1051.81,0.24,1,Contract,12,12,1,4,SUV,TX,1
AL00917,749,50052,30764,39008,0.79,36,2.0,881.16,0.21,4,Self-employed,16,7,0,10,Truck,GA,0
AL00918,618,34432,16045,20831,0.77,84,10.46,270.2,0.09,1,Contract,14,8,0,2,Truck,FL,0
AL00919,803,66404,37212,30391,1.22,36,8.04,1166.78,0.21,1,Contract,6,6,4,12,Sedan,FL,1
AL00920,556,65285,24596,26490,0.93,60,9.09,511.65,0.09,0,Part-time,9,10,3,11,Van,OH,1
AL00921,666,42576,25721,27360,0.94,36,10.45,835.39,0.24,0,Part-time,9,3,0,0,Truck,MI,1
AL00922,622,48242,27306,30087,0.91,48,9.54,686.53,0.17,1,Self-employed,4,3,0,11,Sedan,IL,0
AL00923,850,42784,30342,28864,1.05,36,4.59,903.8,0.25,4,Self-employed,10,8,0,2,Van,OH,0
AL00924,610,55860,14689,13566,1.08,24,4.12,638.65,0.14,8,Contract,12,15,0,2,Coupe,IL,1
AL00925,670,62955,17381,17307,1.0,84,8.34,273.86,0.05,4,Self-employed,13,11,1,7,Truck,MI,0
AL00926,799,43676,10449,8897,1.17,72,7.63,181.32,0.05,4,Contract,17,6,1,11,Coupe,CA,1
AL00927,615,37056,35899,44825,0.8,72,5.22,581.82,0.19,2,Full-time,5,5,0,9,SUV,GA,0
AL00928,676,59668,31833,30908,1.03,48,12.81,851.0,0.17,0,Full-time,19,10,1,9,Van,NY,0
AL00929,831,42325,17269,14141,1.22,48,4.02,390.07,0.11,0,Part-time,11,1,0,7,Sedan,NC,0
AL00930,715,56829,15819,14473,1.09,60,2.0,277.27,0.06,11,Self-employed,8,10,1,0,Truck,PA,1
AL00931,691,77430,12488,12562,0.99,60,2.0,218.89,0.03,5,Self-employed,13,7,0,4,Truck,IL,0
AL00932,667,56760,29384,31744,0.93,60,2.13,516.71,0.11,8,Full-time,6,4,1,7,Coupe,GA,0
AL00933,667,35796,40914,40567,1.01,84,11.01,700.76,0.23,8,Contract,0,12,2,2,Van,MI,1
AL00934,836,58778,17512,21195,0.83,36,11.99,581.57,0.12,2,Self-employed,9,8,4,8,Truck,TX,0
AL00935,766,38472,18262,19135,0.95,72,11.33,350.69,0.11,2,Contract,0,2,0,10,Truck,PA,1
AL00936,641,54023,21417,17726,1.21,60,2.0,375.39,0.08,14,Part-time,13,4,0,6,Truck,NC,0
AL00937,635,38057,47919,53999,0.89,48,14.97,1332.89,0.42,1,Self-employed,6,8,0,7,SUV,CA,0
AL00938,690,58734,18402,19778,0.93,36,5.48,555.5,0.11,2,Self-employed,10,5,3,10,Coupe,TX,0
AL00939,608,27172,25122,30167,0.83,48,2.71,552.84,0.24,2,Contract,13,3,0,11,SUV,CA,1
AL00940,677,58258,43798,40681,1.08,48,8.27,1074.8,0.22,0,Contract,12,2,0,5,Van,GA,0
AL00941,746,47366,27912,27839,1.0,48,6.05,656.15,0.17,2,Contract,6,12,2,5,Van,MI,1
AL00942,757,47371,25525,20449,1.25,48,10.67,655.62,0.17,0,Part-time,2,10,0,5,Coupe,FL,0
AL00943,662,41215,38325,34079,1.12,24,11.22,1790.16,0.52,0,Self-employed,4,6,0,5,Sedan,OH,1
AL00944,719,70748,31423,34513,0.91,84,2.6,409.56,0.07,0,Full-time,3,9,0,10,SUV,TX,0
AL00945,850,66037,21136,20750,1.02,36,2.0,605.39,0.11,4,Self-employed,2,14,0,10,Truck,OH,0
AL00946,653,88328,32732,41437,0.79,84,8.1,511.8,0.07,0,Self-employed,4,2,0,5,SUV,CA,1
AL00947,685,79375,34671,30342,1.14,48,9.48,870.71,0.13,0,Self-employed,6,13,0,5,SUV,TX,1
AL00948,739,58160,14180,15585,0.91,72,7.19,243.05,0.05,9,Part-time,5,14,0,8,Van,NC,0
AL00949,583,61134,26134,30468,0.86,84,8.24,410.46,0.08,4,Full-time,5,7,0,1,Sedan,FL,0
AL00950,630,39196,31988,32606,0.98,60,10.18,682.49,0.21,2,Self-employed,11,5,1,2,Coupe,MI,0
AL00951,720,68724,13090,12265,1.07,48,10.21,333.32,0.06,1,Part-time,6,12,0,11,Sedan,NY,0
AL00952,633,55568,10590,13282,0.8,84,8.73,168.94,0.04,4,Part-time,5,12,0,2,SUV,FL,0
AL00953,524,79569,16894,19373,0.87,60,10.93,366.73,0.06,0,Full-time,7,2,0,7,Coupe,CA,1
AL00954,776,35208,31078,35383,0.88,24,6.89,1389.89,0.47,3,Full-time,15,8,0,4,Sedan,TX,0
AL00955,756,57878,37334,44826,0.83,24,7.47,1679.51,0.35,2,Full-time,5,13,0,9,SUV,MI,0
AL00956,566,49663,31190,33130,0.94,36,5.35,939.7,0.23,4,Self-employed,13,1,0,11,Truck,MI,1
AL00957,644,54228,23854,22319,1.07,36,7.84,745.74,0.17,7,Part-time,8,9,0,1,Van,CA,0
AL00958,676,41482,23863,27532,0.87,84,11.39,413.5,0.12,2,Part-time,11,5,0,12,Van,CA,0
AL00959,586,45580,52799,58917,0.9,24,3.35,2277.55,0.6,1,Part-time,0,15,0,11,Coupe,IL,0
AL00960,661,102916,9550,9719,0.98,36,13.79,325.42,0.04,4,Contract,5,11,3,2,Truck,PA,0
AL00961,638,73664,38902,38313,1.02,72,14.65,815.21,0.13,2,Part-time,3,7,0,5,Sedan,GA,1
AL00962,645,54821,23121,26393,0.88,36,9.08,736.1,0.16,5,Contract,8,13,0,4,Van,CA,1
AL00963,666,81969,28576,30466,0.94,60,7.76,576.14,0.08,9,Full-time,18,7,0,9,Truck,GA,0
AL00964,564,49696,23734,28494,0.83,60,2.43,420.48,0.1,2,Self-employed,10,14,0,1,Coupe,IL,1
AL00965,747,75099,5581,7182,0.78,84,7.48,85.55,0.01,4,Contract,0,11,0,7,Van,TX,1
AL00966,626,41943,33092,29314,1.13,60,2.0,580.03,0.17,3,Contract,9,12,0,1,SUV,TX,0
AL00967,706,43719,21343,25380,0.84,36,9.52,683.88,0.19,3,Self-employed,7,4,0,6,Sedan,NY,0
AL00968,704,51245,26819,26768,1.0,84,7.68,413.74,0.1,1,Contract,10,5,1,12,Van,MI,0
AL00969,709,46396,12156,15504,0.78,84,13.4,223.79,0.06,0,Contract,10,6,0,9,Coupe,GA,0
AL00970,661,37259,16781,17907,0.94,36,9.79,539.82,0.17,1,Contract,3,2,0,7,Coupe,NY,0
AL00971,788,50668,18713,18491,1.01,36,2.0,535.99,0.13,1,Full-time,8,2,1,1,Coupe,CA,0
AL00972,653,33093,22188,26803,0.83,60,7.25,441.97,0.16,1,Self-employed,15,3,0,9,Sedan,TX,0
AL00973,569,78034,32841,26934,1.22,72,3.91,512.46,0.08,0,Contract,4,13,0,4,Coupe,GA,1
AL00974,643,18000,28359,35071,0.81,72,2.0,418.31,0.28,0,Self-employed,2,13,2,8,Sedan,CA,0
AL00975,559,39914,13180,14347,0.92,24,11.48,617.23,0.19,0,Contract,6,8,0,6,Coupe,GA,1
AL00976,578,56633,30991,35082,0.88,36,5.24,932.17,0.2,0,Self-employed,6,15,1,7,Coupe,FL,1
AL00977,612,50340,30306,24484,1.24,60,4.85,569.83,0.14,3,Contract,8,13,0,10,Coupe,NC,0
AL00978,489,23406,31159,29524,1.06,72,9.95,576.46,0.3,0,Contract,9,8,0,2,Van,CA,1
AL00979,735,19446,16139,17666,0.91,60,6.17,313.29,0.19,2,Contract,6,10,1,12,Truck,IL,1
AL00980,567,68045,38209,32418,1.18,72,14.78,803.37,0.14,6,Full-time,10,3,2,5,Van,CA,0
AL00981,597,67628,34972,28404,1.23,84,12.23,621.66,0.11,2,Self-employed,14,7,0,5,Truck,PA,1
AL00982,583,68771,11299,14198,0.8,84,2.43,146.41,0.03,7,Part-time,16,4,0,4,Van,TX,0
AL00983,781,69828,12767,14117,0.9,24,13.2,608.17,0.1,4,Self-employed,4,2,0,0,Van,IL,1
AL00984,655,62908,17962,19045,0.94,84,7.77,277.91,0.05,2,Contract,16,10,0,6,Truck,CA,0
AL00985,652,58501,21313,23314,0.91,72,10.73,402.73,0.08,7,Full-time,6,6,0,6,Truck,MI,1
AL00986,676,60391,16975,21808,0.78,60,5.7,325.81,0.06,0,Full-time,9,12,1,5,Coupe,NC,0
AL00987,726,69200,40404,32895,1.23,84,12.52,724.53,0.13,7,Self-employed,4,3,1,5,Coupe,NY,0
AL00988,745,40980,31959,26211,1.22,24,5.38,1407.53,0.41,1,Part-time,5,5,0,4,Van,PA,0
AL00989,702,18000,7490,6101,1.23,72,6.79,126.94,0.08,3,Full-time,0,12,2,1,Van,IL,1
AL00990,614,67824,30817,37870,0.81,72,3.09,469.47,0.08,4,Contract,7,7,0,12,Sedan,OH,0
AL00991,657,31942,23918,28036,0.85,48,11.95,629.27,0.24,3,Contract,6,11,0,3,Coupe,PA,0
AL00992,787,56133,39715,50457,0.79,72,2.0,585.81,0.13,6,Contract,2,11,1,2,Sedan,NC,0
AL00993,697,85777,23669,30391,0.78,72,2.22,351.42,0.05,5,Contract,18,4,1,11,Coupe,OH,0
AL00994,642,63175,36560,32854,1.11,72,2.9,553.85,0.11,3,Contract,3,15,0,10,Sedan,NC,1
AL00995,656,64900,22300,23605,0.94,60,2.0,390.87,0.07,5,Part-time,15,4,0,10,Truck,PA,0
AL00996,659,42399,27691,24317,1.14,24,2.0,1177.98,0.33,5,Part-time,1,14,0,4,SUV,OH,0
AL00997,532,86563,19957,21708,0.92,36,5.07,598.76,0.08,2,Contract,1,4,0,3,Sedan,NY,0
AL00998,684,78252,29217,27141,1.08,48,9.29,731.1,0.11,1,Contract,7,8,0,6,Coupe,CA,0
AL00999,615,63756,17128,21917,0.78,48,8.31,420.64,0.08,5,Part-time,11,1,0,12,Truck,NC,1
AL01000,757,35476,46966,57729,0.81,24,7.49,2113.24,0.71,10,Contract,11,13,0,1,Truck,MI,0
